workerid,proliferate.condition,big_filler,cond,instruction,loc_big_filler,loc_contrast,loc_small_filler,loc_target_pic,pragContext,response,response_times,small_filler,target_contrast_bad,target_contrast_good,target_pic,trial,trialID,trialType,trial_number,utterance_type,error
15,condition1,string_jute.jpg,semantic_control,Click on the tank,.loc4,.loc3,.loc2,.loc1,bad,"['loc2', 'loc1']","[1043, 2556]",string_white.jpg,tank_big.jpg,kimono_big.jpg,tank_small.jpg,270,filler150,filler,3,unmodified,
15,condition1,broom_big.jpg,contrast_control,Click on the stapler,.loc1,.loc4,.loc3,.loc2,bad,"['loc2', 'loc2']","[1036, 2082]",broom_small.jpg,stapler_small.jpg,lacrosse_small.jpg,stapler_big.jpg,181,filler61,filler,4,unmodified,
15,condition1,eiffeltower_big.jpg,no_contrast,Click on the rooster,.loc4,.loc3,.loc2,.loc1,bad,"['loc1', 'loc1']","[1094, 2042]",glove_small.jpg,rooster_small.jpg,teabag_small.jpg,rooster_big.jpg,100,train60,train,5,unmodified,
15,condition1,clog_big.jpg,no_contrast,Click on the chair,.loc3,.loc4,.loc1,.loc2,bad,"['loc2', 'loc2']","[1285, 2527]",motorcycle_small.jpg,chair_small.jpg,checkerboard_small.jpg,chair_big.jpg,84,train44,train,6,unmodified,
12,condition1,fireextinguisher_big.jpg,contrast_control,Click on the fountain,.loc4,.loc2,.loc3,.loc1,good,"['loc2', 'loc1']","[1181, 2758]",fireextinguisher_small.jpg,fountain_big.jpg,eiffeltower_big.jpg,fountain_small.jpg,234,filler114,filler,3,unmodified,
12,condition1,tweezers_big.jpg,semantic_contrast,Click on the green mixer,.loc1,.loc3,.loc2,.loc4,good,"['loc1', 'loc4', 'loc4']","[670, 1703, 2142]",skirt_small.jpg,spiderweb.jpg,mixer_red.jpg,mixer_green.jpg,172,filler52,filler,4,modified,
12,condition1,origami_big.jpg,no_contrast,Click on the cactus,.loc2,.loc1,.loc4,.loc3,good,"['loc2', 'loc3']","[902, 2096]",brooch_small.jpg,cactus_big.jpg,lifevest_big.jpg,cactus_small.jpg,83,train43,train,5,unmodified,
11,condition1,chips_single.jpg,semantic_control,Click on the window,.loc1,.loc3,.loc4,.loc2,good,"['loc2', 'loc2']","[927, 1579]",chips_multiple.jpg,window_small.jpg,saddle_small.jpg,window_big.jpg,281,filler161,filler,3,unmodified,
11,condition1,beermug_big.jpg,contrast,Click on the big beetle,.loc3,.loc4,.loc2,.loc1,good,"['loc2', 'loc3', 'loc3']","[621, 1547, 2059]",pinkdice_small.jpg,lei_small.jpg,beetle_small.jpg,beetle_big.jpg,47,train7,train,4,modified,
11,condition1,quilt_blue.jpg,semantic_control,Click on the slide,.loc3,.loc1,.loc2,.loc4,good,"['loc2', 'loc4']","[717, 1977]",quilt_brown.jpg,slide_small.jpg,leopard_small.jpg,slide_big.jpg,257,filler137,filler,5,unmodified,
8,condition1,artichoke_big.jpg,contrast_control,Click on the microscope,.loc2,.loc3,.loc4,.loc1,good,"['loc1', 'loc1']","[794, 1953]",artichoke_small.jpg,microscope_big.jpg,plastichouse_big.jpg,microscope_small.jpg,210,filler90,filler,3,unmodified,
8,condition1,notebook_open.jpg,semantic_control,Click on the burrito,.loc1,.loc3,.loc4,.loc2,good,"['loc2', 'loc2']","[613, 1368]",notebook_closed.jpg,burrito_big.jpg,seesaw_big.jpg,burrito_small.jpg,276,filler156,filler,4,unmodified,
8,condition1,sewingmachine_big.jpg,contrast_control,Click on the nest,.loc2,.loc4,.loc1,.loc3,good,"['loc2', 'loc3']","[441, 1438]",sewingmachine_small.jpg,nest_big.jpg,victrola_big.jpg,nest_small.jpg,206,filler86,filler,5,unmodified,
8,condition1,kettle_silver.jpg,semantic_control,Click on the bowtie,.loc1,.loc4,.loc2,.loc3,good,"['loc2', 'loc3']","[624, 2654]",kettle_gold.jpg,bowtie_small.jpg,pomegranate_small.jpg,bowtie_big.jpg,277,filler157,filler,6,unmodified,
8,condition1,cigarette_big.jpg,semantic_contrast,Click on the open coffin,.loc1,.loc2,.loc4,.loc3,good,"['loc1', 'loc3', 'loc3']","[653, 1806, 2178]",braidedloaf_small.jpg,fruitcake.jpg,coffin_closed.jpg,coffin_open.jpg,140,filler20,filler,7,modified,
8,condition1,laptop_big.jpg,no_contrast,Click on the big starfish,.loc1,.loc4,.loc3,.loc2,good,"['loc2', 'loc1', 'loc2']","[762, 1445, 2371]",toyoctopus_small.jpg,bottle_small.jpg,bottle_small.jpg,starfish_big.jpg,35,test35,test,8,modified,
10,condition1,cougar_big.jpg,contrast_control,Click on the pizza,.loc3,.loc2,.loc1,.loc4,good,"['loc1', 'loc4']","[1518, 3019]",cougar_small.jpg,pizza_big.jpg,blackspaceship_big.jpg,pizza_small.jpg,188,filler68,filler,3,unmodified,
10,condition1,gumballmachine_big.jpg,no_contrast,Click on the discoball,.loc4,.loc2,.loc1,.loc3,good,"['loc2', 'loc3']","[958, 2203]",chowchow_small.jpg,discoball_big.jpg,beetle_big.jpg,discoball_small.jpg,87,train47,train,4,unmodified,
10,condition1,icecreambar_big.jpg,contrast_control,Click on the shovel,.loc1,.loc3,.loc2,.loc4,good,"['loc1', 'loc4']","[855, 2661]",icecreambar_small.jpg,shovel_big.jpg,veggieplatter_big.jpg,shovel_small.jpg,186,filler66,filler,5,unmodified,
10,condition1,garbage_yellow.jpg,semantic_control,Click on the bathtub,.loc1,.loc4,.loc2,.loc3,good,"['loc2', 'loc3']","[763, 1876]",garbage_blue.jpg,bathtub_small.jpg,huntingvest_small.jpg,bathtub_big.jpg,245,filler125,filler,6,unmodified,
10,condition1,accordion_big.jpg,no_contrast,Click on the big kayak,.loc1,.loc2,.loc3,.loc4,good,"['loc2', 'loc1', 'loc4']","[857, 1690, 3015]",microscope_small.jpg,bird_small.jpg,bird_small.jpg,kayak_big.jpg,30,test30,test,7,modified,
10,condition1,pants_big.jpg,no_contrast,Click on the popcorn,.loc2,.loc1,.loc3,.loc4,good,"['loc4', 'loc4']","[536, 1454]",firepants_small.jpg,popcorn_big.jpg,pool_big.jpg,popcorn_small.jpg,115,train75,train,8,unmodified,
10,condition1,coconut_big.jpg,no_contrast,Click on the toy,.loc4,.loc2,.loc3,.loc1,good,"['loc4', 'loc1']","[545, 1776]",stingray_small.jpg,toy_small.jpg,camel_small.jpg,toy_big.jpg,106,train66,train,9,unmodified,
10,condition1,beaver_big.jpg,contrast,Click on the small airplane,.loc4,.loc2,.loc3,.loc1,good,"['loc1', 'loc3', 'loc1']","[646, 1884, 2880]",kangaroo_small.jpg,crab_big.jpg,airplane_big.jpg,airplane_small.jpg,58,train18,train,10,modified,
10,condition1,tractor_big.jpg,contrast_control,Click on the beermug,.loc3,.loc2,.loc1,.loc4,good,"['loc1', 'loc4']","[475, 1533]",tractor_small.jpg,beermug_small.jpg,conch_small.jpg,beermug_big.jpg,227,filler107,filler,11,unmodified,
10,condition1,cigarette_big.jpg,semantic_contrast,Click on the open coffin,.loc1,.loc2,.loc3,.loc4,good,"['loc2', 'loc4', 'loc4']","[560, 2181, 2578]",braidedloaf_small.jpg,fruitcake.jpg,coffin_closed.jpg,coffin_open.jpg,140,filler20,filler,12,modified,
10,condition1,gong_big.jpg,contrast_control,Click on the microphone,.loc2,.loc4,.loc1,.loc3,good,"['loc2', 'loc3']","[519, 1805]",gong_small.jpg,microphone_big.jpg,brochette_big.jpg,microphone_small.jpg,220,filler100,filler,13,unmodified,
10,condition1,puppy_big.jpg,contrast,Click on the small boat,.loc2,.loc4,.loc1,.loc3,good,"['loc1', 'loc3', 'loc3']","[770, 1897, 2287]",lighthouse_small.jpg,usbstick_big.jpg,boat_big.jpg,boat_small.jpg,74,train34,train,14,modified,
10,condition1,broccoli_big.jpg,contrast_control,Click on the hippo,.loc4,.loc3,.loc2,.loc1,good,"['loc1', 'loc1']","[545, 1409]",broccoli_small.jpg,hippo_small.jpg,firepants_small.jpg,hippo_big.jpg,237,filler117,filler,15,unmodified,
10,condition1,kimono_big.jpg,semantic_contrast,Click on the fountain pen,.loc4,.loc3,.loc1,.loc2,good,"['loc1', 'loc2', 'loc2']","[739, 2217, 2607]",bench_small.jpg,mousewheel.jpg,pen_marker.jpg,pen_fountain.jpg,151,filler31,filler,16,modified,
10,condition1,bone_big.jpg,no_contrast,Click on the small pencil,.loc4,.loc1,.loc3,.loc2,good,"['loc2', 'loc3', 'loc2']","[551, 1563, 2841]",screwdriver_small.jpg,corn_big.jpg,corn_big.jpg,pencil_small.jpg,23,test23,test,17,modified,
10,condition1,tweezers_big.jpg,semantic_contrast,Click on the green mixer,.loc2,.loc4,.loc1,.loc3,good,"['loc2', 'loc3', 'loc3']","[349, 1190, 1681]",skirt_small.jpg,spiderweb.jpg,mixer_red.jpg,mixer_green.jpg,172,filler52,filler,18,modified,
10,condition1,tricycle_plastic.jpg,semantic_control,Click on the wagon,.loc2,.loc4,.loc3,.loc1,good,"['loc1', 'loc1']","[723, 2086]",tricycle_red.jpg,wagon_big.jpg,turnip_big.jpg,wagon_small.jpg,272,filler152,filler,19,unmodified,
10,condition1,handcuffs_big.jpg,semantic_contrast,Click on the whole lemon,.loc3,.loc4,.loc1,.loc2,good,"['loc2', 'loc2', 'loc2']","[801, 1821, 2218]",shelf_small.jpg,skydive.jpg,lemon_half.jpg,lemon_whole.jpg,170,filler50,filler,20,modified,
10,condition1,blackboard_big.jpg,contrast,Click on the big jeep,.loc3,.loc2,.loc4,.loc1,good,"['loc2', 'loc1', 'loc1']","[499, 1245, 1665]",candyapple_small.jpg,snowboard_small.jpg,jeep_small.jpg,jeep_big.jpg,63,train23,train,21,modified,
10,condition1,flower_lily.jpg,semantic_control,Click on the stingray,.loc1,.loc2,.loc4,.loc3,good,"['loc1', 'loc3']","[414, 1969]",flower_dahlia.jpg,stingray_big.jpg,castanets_big.jpg,stingray_small.jpg,286,filler166,filler,22,unmodified,
10,condition1,spicerack_rectangle.jpg,semantic_control,Click on the snowflake,.loc3,.loc4,.loc1,.loc2,good,"['loc1', 'loc2']","[639, 1738]",spicerack_shelves.jpg,snowflake_big.jpg,brusselsprout_big.jpg,snowflake_small.jpg,258,filler138,filler,23,unmodified,
10,condition1,frenchfries_big.jpg,contrast,Click on the big flute,.loc3,.loc2,.loc1,.loc4,good,"['loc2', 'loc4', 'loc4']","[450, 1501, 2505]",xylophone_small.jpg,toolbelt_small.jpg,flute_small.jpg,flute_big.jpg,55,train15,train,24,modified,
10,condition1,rollerblades_big.jpg,contrast_control,Click on the doll,.loc2,.loc3,.loc4,.loc1,good,"['loc2', 'loc1']","[560, 1479]",rollerblades_small.jpg,doll_big.jpg,ring_big.jpg,doll_small.jpg,232,filler112,filler,25,unmodified,
10,condition1,mailbox_farm.jpg,semantic_control,Click on the axe,.loc4,.loc1,.loc2,.loc3,good,"['loc1', 'loc3']","[567, 1690]",mailbox_green.jpg,axe_big.jpg,turkey_big.jpg,axe_small.jpg,244,filler124,filler,26,unmodified,
10,condition1,lightbulb_big.jpg,contrast_control,Click on the brain,.loc2,.loc4,.loc1,.loc3,good,"['loc1', 'loc3']","[605, 1687]",lightbulb_small.jpg,brain_big.jpg,candycanes_big.jpg,brain_small.jpg,222,filler102,filler,27,unmodified,
10,condition1,pooltable_big.jpg,contrast,Click on the small banjo,.loc3,.loc2,.loc1,.loc4,good,"['loc2', 'loc4', 'loc4']","[1192, 2430, 3093]",crib_small.jpg,dropper_big.jpg,banjo_big.jpg,banjo_small.jpg,68,train28,train,28,modified,
10,condition1,croissant_big.jpg,contrast_control,Click on the soap,.loc4,.loc2,.loc1,.loc3,good,"['loc4', 'loc3']","[661, 2335]",croissant_small.jpg,soap_small.jpg,sportsbag_small.jpg,soap_big.jpg,189,filler69,filler,29,unmodified,
10,condition1,teepee_big.jpg,contrast,Click on the big hammock,.loc4,.loc3,.loc2,.loc1,good,"['loc3', 'loc1', 'loc1']","[684, 1687, 2567]",bowlofoatmeal_small.jpg,pagoda_small.jpg,hammock_small.jpg,hammock_big.jpg,79,train39,train,30,modified,
10,condition1,sportsbasket_big.jpg,semantic_contrast,Click on the cocktail umbrella,.loc2,.loc1,.loc3,.loc4,good,"['loc1', 'loc4', 'loc4']","[1143, 3815, 4251]",corndog_small.jpg,potofgold.jpg,umbrella_rain.jpg,umbrella_cocktail.jpg,159,filler39,filler,31,modified,
10,condition1,wrench_big.jpg,semantic_contrast,Click on the open lock,.loc2,.loc3,.loc1,.loc4,good,"['loc2', 'loc4', 'loc4']","[815, 2365, 2739]",jumprope_small.jpg,speakers.jpg,lock_closed.jpg,lock_open.jpg,171,filler51,filler,32,modified,
10,condition1,pinata_big.jpg,semantic_contrast,Click on the wood hanger,.loc2,.loc1,.loc4,.loc3,good,"['loc2', 'loc3', 'loc3']","[669, 2700, 3152]",congadrum_small.jpg,bishop.jpg,hanger_plastic.jpg,hanger_wood.jpg,121,filler1,filler,33,modified,
10,condition1,hourglass_big.jpg,contrast_control,Click on the bucket,.loc4,.loc3,.loc1,.loc2,good,"['loc3', 'loc2']","[482, 1354]",hourglass_small.jpg,bucket_big.jpg,ladybug_big.jpg,bucket_small.jpg,196,filler76,filler,34,unmodified,
10,condition1,register_new.jpg,semantic_control,Click on the origami,.loc3,.loc4,.loc1,.loc2,good,"['loc2', 'loc2']","[476, 5294]",register_old.jpg,origami_small.jpg,meat_small.jpg,origami_big.jpg,263,filler143,filler,35,unmodified,
10,condition1,sushi_salmon.jpg,semantic_control,Click on the keyboard,.loc1,.loc3,.loc4,.loc2,good,"['loc2', 'loc2']","[497, 1275]",sushi_nigiri.jpg,keyboard_small.jpg,kitchentimer_small.jpg,keyboard_big.jpg,253,filler133,filler,36,unmodified,
10,condition1,fishingpole_big.jpg,contrast,Click on the small saw,.loc1,.loc3,.loc4,.loc2,good,"['loc2', 'loc2', 'loc2']","[500, 1714, 2431]",dart_small.jpg,potatochips_big.jpg,saw_big.jpg,saw_small.jpg,50,train10,train,37,modified,
10,condition1,candle_big.jpg,contrast_control,Click on the baseballglove,.loc2,.loc4,.loc1,.loc3,good,"['loc2', 'loc3']","[475, 2023]",candle_small.jpg,baseballglove_big.jpg,africanmask_big.jpg,baseballglove_small.jpg,212,filler92,filler,38,unmodified,
10,condition1,bootie_big.jpg,semantic_contrast,Click on the red wine,.loc2,.loc1,.loc3,.loc4,good,"['loc1', 'loc4', 'loc4']","[764, 1566, 1970]",jar_small.jpg,cockerspaniel.jpg,wine_white.jpg,wine_red.jpg,128,filler8,filler,39,modified,
10,condition1,bait_big.jpg,semantic_contrast,Click on the round chocolatecandy,.loc3,.loc2,.loc4,.loc1,good,"['loc2', 'loc1', 'loc1']","[592, 1276, 1690]",kitchenisland_small.jpg,film.jpg,chocolatecandy_square.jpg,chocolatecandy_round.jpg,132,filler12,filler,40,modified,
10,condition1,stove_big.jpg,no_contrast,Click on the small tree,.loc4,.loc1,.loc3,.loc2,good,"['loc1', 'loc2', 'loc2']","[520, 1439, 2007]",fridge_small.jpg,ball_big.jpg,ball_big.jpg,tree_small.jpg,34,test34,test,41,modified,
10,condition1,crutches_big.jpg,semantic_contrast,Click on the round tupperware,.loc4,.loc1,.loc3,.loc2,good,"['loc2', 'loc2', 'loc2']","[412, 1848, 2312]",powder_small.jpg,rockingchair.jpg,tupperware_rectangular.jpg,tupperware_round.jpg,162,filler42,filler,42,modified,
10,condition1,barberchair_big.jpg,semantic_contrast,Click on the pink eraser,.loc2,.loc3,.loc1,.loc4,good,"['loc2', 'loc4', 'loc4']","[592, 1714, 2228]",thimble_small.jpg,streetlamp.jpg,eraser_redandblue.jpg,eraser_pink.jpg,174,filler54,filler,43,modified,
10,condition1,butternutsquash_big.jpg,semantic_contrast,Click on the heart candy,.loc1,.loc3,.loc2,.loc4,good,"['loc4', 'loc4', 'loc4']","[527, 1905, 2303]",leopard_small.jpg,frame.jpg,candy_orange.jpg,candy_heart.jpg,138,filler18,filler,44,modified,
10,condition1,oars_big.jpg,no_contrast,Click on the sardines,.loc1,.loc4,.loc2,.loc3,good,"['loc1', 'loc3']","[893, 1953]",couch_small.jpg,sardines_small.jpg,football_small.jpg,sardines_big.jpg,120,train80,train,45,unmodified,
10,condition1,cucumber_big.jpg,contrast,Click on the big bat,.loc4,.loc2,.loc3,.loc1,good,"['loc3', 'loc1', 'loc1']","[467, 2202, 3411]",sewingmachine_big.jpg,paintcan_small.jpg,bat_small.jpg,bat_big.jpg,69,train29,train,46,modified,
10,condition1,bathtub_big.jpg,contrast,Click on the big mushroom,.loc1,.loc4,.loc2,.loc3,good,"['loc1', 'loc2', 'loc3']","[419, 1275, 1936]",sushi_small.jpg,teeth_small.jpg,mushroom_small.jpg,mushroom_big.jpg,65,train25,train,47,modified,
10,condition1,robe_big.jpg,semantic_contrast,Click on the twoslot toaster,.loc1,.loc2,.loc3,.loc4,good,"['loc3', 'loc2', 'loc4']","[592, 1472, 1978]",eyeshadow_small.jpg,recyclingbox.jpg,toaster_fourslot.jpg,toaster_twoslot.jpg,161,filler41,filler,48,modified,
10,condition1,pancakes_big.jpg,contrast_control,Click on the tissues,.loc3,.loc4,.loc2,.loc1,good,"['loc4', 'loc1']","[597, 1510]",pancakes_small.jpg,tissues_big.jpg,bagpipes_big.jpg,tissues_small.jpg,200,filler80,filler,49,unmodified,
10,condition1,perfume_tall.jpg,semantic_control,Click on the spoon,.loc2,.loc1,.loc4,.loc3,good,"['loc1', 'loc3']","[691, 1813]",perfume_short.jpg,spoon_small.jpg,lemur_small.jpg,spoon_big.jpg,255,filler135,filler,50,unmodified,
10,condition1,hawk_big.jpg,contrast,Click on the big wallet,.loc1,.loc2,.loc3,.loc4,good,"['loc2', 'loc4', 'loc4']","[1454, 2071, 2537]",hay_small.jpg,gasmask_small.jpg,wallet_small.jpg,wallet_big.jpg,71,train31,train,51,modified,
10,condition1,hawaiianshirt_red.jpg,semantic_control,Click on the scrunchie,.loc1,.loc3,.loc4,.loc2,good,"['loc2', 'loc2']","[654, 2101]",hawaiianshirt_blue.jpg,scrunchie_big.jpg,celery_big.jpg,scrunchie_small.jpg,260,filler140,filler,52,unmodified,
10,condition1,opener_metal.jpg,semantic_control,Click on the greenbean,.loc2,.loc1,.loc4,.loc3,good,"['loc2', 'loc3']","[546, 1782]",opener_wood.jpg,greenbean_small.jpg,pepperoni_small.jpg,greenbean_big.jpg,269,filler149,filler,53,unmodified,
10,condition1,eiffeltower_big.jpg,no_contrast,Click on the rooster,.loc3,.loc4,.loc1,.loc2,good,"['loc1', 'loc2']","[661, 1372]",glove_small.jpg,rooster_small.jpg,teabag_small.jpg,rooster_big.jpg,100,train60,train,54,unmodified,
10,condition1,slide_big.jpg,contrast,Click on the big seahorse,.loc1,.loc3,.loc2,.loc4,good,"['loc2', 'loc4', 'loc4']","[630, 2458, 2864]",pingpong_small.jpg,almond_small.jpg,seahorse_small.jpg,seahorse_big.jpg,77,train37,train,55,modified,
10,condition1,robot_blue.jpg,semantic_control,Click on the pants,.loc4,.loc3,.loc1,.loc2,good,"['loc4', 'loc2']","[575, 1198]",robot_purple.jpg,pants_small.jpg,parsley_small.jpg,pants_big.jpg,295,filler175,filler,56,unmodified,
10,condition1,mug_big.jpg,contrast,Click on the small flower,.loc2,.loc4,.loc1,.loc3,good,"['loc2', 'loc3', 'loc3']","[686, 1642, 2928]",fireextinguisher_small.jpg,flower_big.jpg,flower_big.jpg,flower_small.jpg,13,test13,test,57,modified,
10,condition1,beaker_big.jpg,contrast_control,Click on the fridge,.loc3,.loc1,.loc4,.loc2,good,"['loc1', 'loc2']","[732, 2412]",beaker_small.jpg,fridge_big.jpg,groceries_big.jpg,fridge_small.jpg,214,filler94,filler,58,unmodified,
10,condition1,fortunecookie_big.jpg,semantic_contrast,Click on the green cabbage,.loc1,.loc3,.loc4,.loc2,good,"['loc2', 'loc2', 'loc2']","[530, 1268, 1752]",muffinpan_small.jpg,milkjug.jpg,cabbage_red.jpg,cabbage_green.jpg,146,filler26,filler,59,modified,
10,condition1,pinecone_big.jpg,no_contrast,Click on the boots,.loc1,.loc4,.loc2,.loc3,good,"['loc2', 'loc3']","[583, 2179]",pancakes_small.jpg,boots_big.jpg,paperbag_big.jpg,boots_small.jpg,81,train41,train,60,unmodified,
10,condition1,washer_big.jpg,contrast_control,Click on the grill,.loc1,.loc3,.loc2,.loc4,good,"['loc2', 'loc4']","[894, 2054]",washer_small.jpg,grill_big.jpg,clog_big.jpg,grill_small.jpg,226,filler106,filler,61,unmodified,
10,condition1,molecule_big.jpg,contrast,Click on the big lock,.loc4,.loc1,.loc2,.loc3,good,"['loc1', 'loc3', 'loc3']","[995, 1978, 2397]",sneaker_small.jpg,lock_small.jpg,lock_small.jpg,lock_big.jpg,18,test18,test,62,modified,
10,condition1,beermug_big.jpg,contrast,Click on the big beetle,.loc2,.loc3,.loc1,.loc4,good,"['loc2', 'loc4', 'loc4']","[1098, 1634, 2024]",pinkdice_small.jpg,lei_small.jpg,beetle_small.jpg,beetle_big.jpg,47,train7,train,63,modified,
10,condition1,bananas_big.jpg,no_contrast,Click on the giraffe,.loc2,.loc3,.loc4,.loc1,good,"['loc4', 'loc1']","[515, 1766]",conch_small.jpg,giraffe_big.jpg,rope_big.jpg,giraffe_small.jpg,91,train51,train,64,unmodified,
10,condition1,accordion_big.jpg,contrast_control,Click on the lizard,.loc3,.loc2,.loc4,.loc1,good,"['loc1', 'loc1']","[522, 1415]",accordion_small.jpg,lizard_small.jpg,chowchow_small.jpg,lizard_big.jpg,225,filler105,filler,65,unmodified,
10,condition1,bloodymary_big.jpg,semantic_contrast,Click on the red toothbrush,.loc1,.loc3,.loc2,.loc4,good,"['loc1', 'loc4', 'loc4']","[506, 1518, 1862]",threeholepunch_small.jpg,baseballbat.jpg,toothbrush_purple.jpg,toothbrush_red.jpg,176,filler56,filler,66,modified,
10,condition1,notebook_open.jpg,semantic_control,Click on the burrito,.loc3,.loc1,.loc4,.loc2,good,"['loc4', 'loc2']","[1300, 2164]",notebook_closed.jpg,burrito_big.jpg,seesaw_big.jpg,burrito_small.jpg,276,filler156,filler,67,unmodified,
10,condition1,table_big.jpg,no_contrast,Click on the stool,.loc3,.loc2,.loc4,.loc1,good,"['loc2', 'loc1']","[515, 1719]",cushion_small.jpg,stool_big.jpg,jeep_big.jpg,stool_small.jpg,103,train63,train,68,unmodified,
10,condition1,panda_big.jpg,contrast,Click on the big paperbag,.loc1,.loc3,.loc2,.loc4,good,"['loc1', 'loc4', 'loc4']","[490, 1675, 2173]",gong_small.jpg,pencilsharpener_small.jpg,paperbag_small.jpg,paperbag_big.jpg,41,train1,train,69,modified,
10,condition1,postits_big.jpg,semantic_contrast,Click on the plastic fork,.loc1,.loc4,.loc2,.loc3,good,"['loc2', 'loc3', 'loc3']","[567, 2217, 2739]",rockclimbingshoe_small.jpg,salami.jpg,fork_silver.jpg,fork_plastic.jpg,165,filler45,filler,70,modified,
10,condition1,exerciseball_big.jpg,semantic_contrast,Click on the hawaiian shirt,.loc3,.loc4,.loc1,.loc2,good,"['loc3', 'loc2', 'loc2']","[460, 1090, 1502]",policecar_small.jpg,yellowrose.jpg,shirt_corvette.jpg,shirt_hawaiian.jpg,163,filler43,filler,71,modified,
10,condition1,toyfarm_big.jpg,contrast,Click on the big ribbon,.loc3,.loc2,.loc4,.loc1,good,"['loc2', 'loc1', 'loc1']","[529, 1098, 1488]",tissues_small.jpg,ribbon_small.jpg,ribbon_small.jpg,ribbon_big.jpg,20,test20,test,72,modified,
10,condition1,carkeys_big.jpg,semantic_contrast,Click on the coffee cup,.loc4,.loc3,.loc2,.loc1,good,"['loc1', 'loc1', 'loc1']","[441, 1633, 2023]",oven_small.jpg,icecubetray.jpg,cup_plastic.jpg,cup_coffee.jpg,149,filler29,filler,73,modified,
10,condition1,firealarm_big.jpg,contrast,Click on the big violin,.loc3,.loc2,.loc1,.loc4,good,"['loc1', 'loc4', 'loc4']","[436, 2070, 2474]",beaker_small.jpg,maracas_small.jpg,violin_small.jpg,violin_big.jpg,53,train13,train,74,modified,
10,condition1,seesaw_big.jpg,semantic_contrast,Click on the barn mailbox,.loc4,.loc3,.loc1,.loc2,good,"['loc2', 'loc2', 'loc2']","[654, 2920, 3512]",pitchfork_small.jpg,pinkshoes.jpg,mailbox_cow.jpg,mailbox_barn.jpg,157,filler37,filler,75,modified,
10,condition1,goose_big.jpg,no_contrast,Click on the paintbrush,.loc1,.loc4,.loc2,.loc3,good,"['loc1', 'loc3']","[4047, 5237]",parrot_small.jpg,paintbrush_small.jpg,boat_small.jpg,paintbrush_big.jpg,114,train74,train,76,unmodified,
10,condition1,windmill_big.jpg,contrast,Click on the small lobster,.loc3,.loc1,.loc2,.loc4,good,"['loc1', 'loc4', 'loc4']","[818, 2492, 2941]",cake_small.jpg,lobster_big.jpg,lobster_big.jpg,lobster_small.jpg,2,test2,test,77,modified,
10,condition1,creamer_big.jpg,no_contrast,Click on the glass,.loc1,.loc2,.loc3,.loc4,good,"['loc2', 'loc4']","[780, 1512]",wagon_small.jpg,glass_small.jpg,drum_small.jpg,glass_big.jpg,92,train52,train,78,unmodified,
10,condition1,window_big.jpg,no_contrast,Click on the saxophone,.loc3,.loc1,.loc4,.loc2,good,"['loc2', 'loc2']","[738, 1042]",pearls_small.jpg,saxophone_big.jpg,alarmclock_big.jpg,saxophone_small.jpg,101,train61,train,79,unmodified,
10,condition1,orangejuice_stemglass.jpg,semantic_control,Click on the blueberries,.loc1,.loc3,.loc4,.loc2,good,"['loc2', 'loc2']","[670, 1572]",orangejuice_tallglass.jpg,blueberries_big.jpg,robe_big.jpg,blueberries_small.jpg,278,filler158,filler,80,unmodified,
10,condition1,beachtowels_big.jpg,semantic_contrast,Click on the dog robot,.loc2,.loc4,.loc1,.loc3,good,"['loc2', 'loc3', 'loc3']","[420, 2810, 3240]",boxcutter_small.jpg,flipflops.jpg,robot_person.jpg,robot_dog.jpg,135,filler15,filler,81,modified,
10,condition1,asparagus_big.jpg,no_contrast,Click on the triangle,.loc4,.loc1,.loc3,.loc2,good,"['loc2', 'loc2']","[1378, 2289]",leash_small.jpg,triangle_big.jpg,yarn_big.jpg,triangle_small.jpg,107,train67,train,82,unmodified,
10,condition1,gingerbreadcookie_big.jpg,semantic_contrast,Click on the mobile phone,.loc1,.loc4,.loc3,.loc2,good,"['loc2', 'loc2', 'loc2']","[543, 1423, 1805]",nailpolish_small.jpg,ship.jpg,phone_landline.jpg,phone_mobile.jpg,147,filler27,filler,83,modified,
10,condition1,dustpan_big.jpg,semantic_contrast,Click on the rainbow slinky,.loc1,.loc2,.loc4,.loc3,good,"['loc2', 'loc3', 'loc3']","[622, 2164, 2671]",measuringcups_small.jpg,golfiron.jpg,slinky_silver.jpg,slinky_rainbow.jpg,143,filler23,filler,84,modified,
10,condition1,bowtie_big.jpg,no_contrast,Click on the owl,.loc2,.loc4,.loc3,.loc1,good,"['loc2', 'loc1']","[699, 1937]",faucet_small.jpg,owl_big.jpg,house_big.jpg,owl_small.jpg,97,train57,train,85,unmodified,
10,condition1,tractor_big.jpg,no_contrast,Click on the big dress,.loc2,.loc1,.loc3,.loc4,good,"['loc1', 'loc2', 'loc4']","[474, 1206, 2218]",nest_small.jpg,backpack_small.jpg,backpack_small.jpg,dress_big.jpg,26,test26,test,86,modified,
10,condition1,legoman_cult.jpg,semantic_control,Click on the horse,.loc2,.loc3,.loc4,.loc1,good,"['loc4', 'loc1']","[452, 1650]",legoman_sailor.jpg,horse_big.jpg,bobcat_big.jpg,horse_small.jpg,250,filler130,filler,87,unmodified,
10,condition1,jetski_big.jpg,contrast_control,Click on the sneaker,.loc1,.loc3,.loc2,.loc4,good,"['loc1', 'loc4']","[469, 1356]",jetski_small.jpg,sneaker_big.jpg,orangephone_big.jpg,sneaker_small.jpg,198,filler78,filler,88,unmodified,
10,condition1,laptop_big.jpg,no_contrast,Click on the big starfish,.loc3,.loc1,.loc2,.loc4,good,"['loc4', 'loc2', 'loc4']","[512, 2460, 3098]",toyoctopus_small.jpg,bottle_small.jpg,bottle_small.jpg,starfish_big.jpg,35,test35,test,89,modified,
10,condition1,partyhat_big.jpg,no_contrast,Click on the vase,.loc4,.loc2,.loc1,.loc3,good,"['loc4', 'loc3']","[474, 1510]",burger_small.jpg,vase_big.jpg,suit_big.jpg,vase_small.jpg,113,train73,train,90,unmodified,
10,condition1,leatherman_purple.jpg,semantic_control,Click on the ovenmit,.loc4,.loc2,.loc3,.loc1,good,"['loc1', 'loc1']","[926, 2124]",leatherman_yellow.jpg,ovenmit_small.jpg,rockclimbingshoe_small.jpg,ovenmit_big.jpg,297,filler177,filler,91,unmodified,
10,condition1,rollingpin_big.jpg,contrast,Click on the small spaceship,.loc4,.loc3,.loc1,.loc2,good,"['loc1', 'loc2', 'loc2']","[561, 1657, 2064]",grill_small.jpg,fishbowl_big.jpg,spaceship_big.jpg,spaceship_small.jpg,46,train6,train,92,modified,
10,condition1,neckpillow_pink.jpg,semantic_control,Click on the bowlingball,.loc1,.loc3,.loc2,.loc4,good,"['loc2', 'loc4']","[481, 1469]",neckpillow_purple.jpg,bowlingball_big.jpg,helicopter_big.jpg,bowlingball_small.jpg,266,filler146,filler,93,unmodified,
10,condition1,windmill_big.jpg,contrast_control,Click on the kiwi,.loc4,.loc2,.loc1,.loc3,good,"['loc4', 'loc3']","[484, 1386]",windmill_small.jpg,kiwi_small.jpg,tote_small.jpg,kiwi_big.jpg,239,filler119,filler,94,unmodified,
10,condition1,speaker_big.jpg,contrast,Click on the small cookie,.loc3,.loc4,.loc1,.loc2,good,"['loc3', 'loc2', 'loc2']","[468, 1419, 1791]",teapot_small.jpg,cookie_big.jpg,cookie_big.jpg,cookie_small.jpg,4,test4,test,95,modified,
10,condition1,pearls_big.jpg,contrast_control,Click on the trophy,.loc4,.loc1,.loc3,.loc2,good,"['loc2', 'loc2']","[451, 1308]",pearls_small.jpg,trophy_big.jpg,toyfarm_big.jpg,trophy_small.jpg,190,filler70,filler,96,unmodified,
10,condition1,iguana_big.jpg,contrast,Click on the big ball,.loc3,.loc4,.loc1,.loc2,good,"['loc2', 'loc2', 'loc2']","[435, 997, 1409]",lime_small.jpg,ball_small.jpg,ball_small.jpg,ball_big.jpg,14,test14,test,97,modified,
10,condition1,watercooler_big.jpg,semantic_contrast,Click on the blue balloon,.loc4,.loc3,.loc1,.loc2,good,"['loc2', 'loc2', 'loc2']","[538, 1472, 1868]",huntingvest_small.jpg,treasurechest.jpg,balloon_red.jpg,balloon_blue.jpg,126,filler6,filler,98,modified,
10,condition1,toydrill_big.jpg,semantic_contrast,Click on the strawberry icecream,.loc4,.loc1,.loc3,.loc2,good,"['loc2', 'loc2', 'loc2']","[490, 1440, 1815]",headlights_small.jpg,seagull.jpg,icecream_vanilla.jpg,icecream_strawberry.jpg,122,filler2,filler,99,modified,
10,condition1,faucet_big.jpg,contrast_control,Click on the recliner,.loc2,.loc4,.loc1,.loc3,good,"['loc2', 'loc3']","[459, 1759]",faucet_small.jpg,recliner_big.jpg,shapestoy_big.jpg,recliner_small.jpg,192,filler72,filler,100,unmodified,
10,condition1,jacket_big.jpg,no_contrast,Click on the comb,.loc1,.loc2,.loc4,.loc3,good,"['loc3', 'loc3']","[530, 1338]",bowlingball_small.jpg,comb_small.jpg,spaceship_small.jpg,comb_big.jpg,86,train46,train,101,unmodified,
10,condition1,chick_big.jpg,contrast_control,Click on the helmet,.loc3,.loc2,.loc1,.loc4,good,"['loc3', 'loc4']","[677, 1853]",chick_small.jpg,helmet_small.jpg,cables_small.jpg,helmet_big.jpg,185,filler65,filler,102,unmodified,
10,condition1,musicsheet_big.jpg,no_contrast,Click on the blackberry,.loc1,.loc4,.loc3,.loc2,good,"['loc2', 'loc2']","[684, 1379]",tote_small.jpg,blackberry_big.jpg,hammock_big.jpg,blackberry_small.jpg,119,train79,train,103,unmodified,
10,condition1,bikewithbasket_big.jpg,semantic_contrast,Click on the metal sink,.loc3,.loc1,.loc2,.loc4,good,"['loc2', 'loc4', 'loc4']","[560, 1649, 2047]",ladle_small.jpg,flowerpot.jpg,sink_porcelain.jpg,sink_metal.jpg,136,filler16,filler,104,modified,
10,condition1,sleepingbag_plaid.jpg,semantic_control,Click on the partyhat,.loc3,.loc1,.loc4,.loc2,good,"['loc4', 'loc2']","[552, 1634]",sleepingbag_blue.jpg,partyhat_small.jpg,kooshball_small.jpg,partyhat_big.jpg,293,filler173,filler,105,unmodified,
10,condition1,parfait_stemglass.jpg,semantic_control,Click on the eggs,.loc3,.loc4,.loc2,.loc1,good,"['loc2', 'loc1']","[288, 1340]",parfait_cup.jpg,eggs_big.jpg,pinata_big.jpg,eggs_small.jpg,242,filler122,filler,106,unmodified,
10,condition1,filingcabinet_black.jpg,semantic_control,Click on the bananas,.loc4,.loc2,.loc1,.loc3,good,"['loc1', 'loc3']","[474, 1540]",filingcabinet_gray.jpg,bananas_small.jpg,nailpolish_small.jpg,bananas_big.jpg,271,filler151,filler,107,unmodified,
10,condition1,birdhouse_onstand.jpg,semantic_control,Click on the musicsheet,.loc2,.loc4,.loc1,.loc3,good,"['loc3', 'loc3']","[699, 1727]",birdhouse_plain.jpg,musicsheet_small.jpg,screw_small.jpg,musicsheet_big.jpg,299,filler179,filler,108,unmodified,
10,condition1,sewingmachine_big.jpg,contrast_control,Click on the nest,.loc3,.loc4,.loc2,.loc1,good,"['loc3', 'loc1']","[568, 1706]",sewingmachine_small.jpg,nest_big.jpg,victrola_big.jpg,nest_small.jpg,206,filler86,filler,109,unmodified,
10,condition1,wheelchair_big.jpg,contrast_control,Click on the stoplight,.loc3,.loc2,.loc4,.loc1,good,"['loc1', 'loc1']","[326, 1206]",wheelchair_small.jpg,stoplight_big.jpg,chess_big.jpg,stoplight_small.jpg,224,filler104,filler,110,unmodified,
10,condition1,swan_big.jpg,no_contrast,Click on the tie,.loc1,.loc3,.loc2,.loc4,good,"['loc1', 'loc4']","[428, 1347]",cougar_small.jpg,tie_big.jpg,mushroom_big.jpg,tie_small.jpg,105,train65,train,111,unmodified,
10,condition1,harmonica_big.jpg,no_contrast,Click on the screen,.loc3,.loc4,.loc2,.loc1,good,"['loc4', 'loc1']","[624, 1503]",peanut_small.jpg,screen_small.jpg,necklace_small.jpg,screen_big.jpg,112,train72,train,112,unmodified,
10,condition1,scooter_big.jpg,semantic_contrast,Click on the pink cooler,.loc2,.loc1,.loc4,.loc3,good,"['loc1', 'loc3', 'loc3']","[560, 1346, 1782]",pepperoni_small.jpg,rainboots.jpg,cooler_blue.jpg,cooler_pink.jpg,154,filler34,filler,113,modified,
10,condition1,chick_big.jpg,no_contrast,Click on the bowlingpin,.loc2,.loc4,.loc1,.loc3,good,"['loc2', 'loc3']","[801, 2608]",raspberry_small.jpg,bowlingpin_small.jpg,eagle_small.jpg,bowlingpin_big.jpg,110,train70,train,114,unmodified,
10,condition1,croissant_big.jpg,no_contrast,Click on the shark,.loc2,.loc3,.loc4,.loc1,good,"['loc3', 'loc1']","[576, 1386]",waffle_small.jpg,shark_small.jpg,domino_small.jpg,shark_big.jpg,102,train62,train,115,unmodified,
10,condition1,muffin_big.jpg,contrast,Click on the big corn,.loc3,.loc1,.loc4,.loc2,good,"['loc1', 'loc2', 'loc2']","[544, 1339, 1712]",lacrosse_small.jpg,corn_small.jpg,corn_small.jpg,corn_big.jpg,3,test3,test,116,modified,
10,condition1,babyswing_big.jpg,semantic_contrast,Click on the green bellpeppers,.loc4,.loc3,.loc2,.loc1,good,"['loc2', 'loc1', 'loc1']","[614, 1541, 2467]",redkettle_small.jpg,dogbones.jpg,bellpeppers_red.jpg,bellpeppers_green.jpg,131,filler11,filler,117,modified,
10,condition1,phone_antique.jpg,semantic_control,Click on the chocolatebar,.loc1,.loc2,.loc4,.loc3,good,"['loc1', 'loc3']","[646, 2826]",phone_modern.jpg,chocolatebar_big.jpg,scooter_big.jpg,chocolatebar_small.jpg,274,filler154,filler,118,unmodified,
10,condition1,typewriter_old.jpg,semantic_control,Click on the peanut,.loc4,.loc3,.loc2,.loc1,good,"['loc3', 'loc1']","[684, 2148]",typewriter_modern.jpg,peanut_big.jpg,birdcage_big.jpg,peanut_small.jpg,292,filler172,filler,119,unmodified,
10,condition1,tambourine_big.jpg,contrast,Click on the small domino,.loc2,.loc1,.loc4,.loc3,good,"['loc1', 'loc3', 'loc3']","[694, 1790, 2382]",eggs_small.jpg,peeler_big.jpg,domino_big.jpg,domino_small.jpg,62,train22,train,120,modified,
10,condition1,shield_big.jpg,semantic_contrast,Click on the convertible car,.loc3,.loc2,.loc1,.loc4,good,"['loc2', 'loc4', 'loc4']","[3138, 5808, 6243]",plum_small.jpg,pocketwatch.jpg,car_sedan.jpg,car_convertible.jpg,158,filler38,filler,121,modified,
10,condition1,tennisball_big.jpg,contrast_control,Click on the lion,.loc1,.loc4,.loc2,.loc3,good,"['loc1', 'loc3']","[966, 2218]",tennisball_small.jpg,lion_big.jpg,harmonica_big.jpg,lion_small.jpg,240,filler120,filler,122,unmodified,
10,condition1,caterpillar_big.jpg,contrast,Click on the big door,.loc4,.loc3,.loc2,.loc1,good,"['loc3', 'loc1', 'loc1']","[522, 1144, 1572]",globe_small.jpg,soccerball_small.jpg,door_small.jpg,door_big.jpg,49,train9,train,123,modified,
10,condition1,champagne_big.jpg,contrast,Click on the big yarn,.loc3,.loc4,.loc1,.loc2,good,"['loc1', 'loc2', 'loc2']","[492, 1176, 1550]",babycup_small.jpg,walkietalkie_small.jpg,yarn_small.jpg,yarn_big.jpg,67,train27,train,124,modified,
10,condition1,spring_big.jpg,semantic_contrast,Click on the rubber duck,.loc3,.loc1,.loc4,.loc2,good,"['loc2', 'loc2', 'loc2']","[477, 1822, 2196]",parsley_small.jpg,nailclippers.jpg,duck_plush.jpg,duck_rubber.jpg,152,filler32,filler,125,modified,
10,condition1,saltpepper_big.jpg,semantic_contrast,Click on the red pin,.loc2,.loc3,.loc4,.loc1,good,"['loc2', 'loc1', 'loc1']","[576, 1416, 2124]",pitabread_small.jpg,orca.jpg,pin_yellow.jpg,pin_red.jpg,153,filler33,filler,126,modified,
10,condition1,payphone_big.jpg,semantic_contrast,Click on the red apple,.loc2,.loc4,.loc1,.loc3,good,"['loc2', 'loc1', 'loc3']","[724, 1496, 1916]",saddle_small.jpg,scale.jpg,apple_green.jpg,apple_red.jpg,166,filler46,filler,127,modified,
10,condition1,bill_big.jpg,no_contrast,Click on the big camera,.loc3,.loc4,.loc1,.loc2,good,"['loc3', 'loc2', 'loc2']","[1214, 1962, 2473]",wheelchair_small.jpg,flower_small.jpg,flower_small.jpg,camera_big.jpg,33,test33,test,128,modified,
10,condition1,coconut_big.jpg,contrast_control,Click on the piano,.loc4,.loc1,.loc2,.loc3,good,"['loc2', 'loc3']","[538, 1549]",coconut_small.jpg,piano_small.jpg,paperclips_small.jpg,piano_big.jpg,187,filler67,filler,129,unmodified,
10,condition1,chips_single.jpg,semantic_control,Click on the window,.loc1,.loc4,.loc2,.loc3,good,"['loc3', 'loc3']","[436, 1698]",chips_multiple.jpg,window_small.jpg,saddle_small.jpg,window_big.jpg,281,filler161,filler,130,unmodified,
10,condition1,spoon_big.jpg,contrast,Click on the big pool,.loc1,.loc4,.loc3,.loc2,good,"['loc2', 'loc2', 'loc2']","[1361, 1898, 2296]",cookiecutter_small.jpg,clover_small.jpg,pool_small.jpg,pool_big.jpg,75,train35,train,131,modified,
10,condition1,frog_big.jpg,contrast_control,Click on the lime,.loc2,.loc4,.loc1,.loc3,good,"['loc2', 'loc3']","[551, 1681]",frog_small.jpg,lime_big.jpg,milkshake_big.jpg,lime_small.jpg,194,filler74,filler,132,unmodified,
10,condition1,computermouse_big.jpg,semantic_contrast,Click on the yellow highlighter,.loc2,.loc1,.loc3,.loc4,good,"['loc1', 'loc4', 'loc4']","[716, 1688, 2046]",persianrug_small.jpg,picnictable.jpg,highlighter_pink.jpg,highlighter_yellow.jpg,156,filler36,filler,133,modified,
10,condition1,pineapple_big.jpg,contrast_control,Click on the cork,.loc4,.loc3,.loc2,.loc1,good,"['loc1', 'loc1']","[958, 2250]",pineapple_small.jpg,cork_small.jpg,toolbox_small.jpg,cork_big.jpg,201,filler81,filler,134,unmodified,
10,condition1,chess_big.jpg,contrast,Click on the small football,.loc1,.loc4,.loc2,.loc3,good,"['loc1', 'loc2', 'loc3']","[514, 1215, 1994]",scrunchie_small.jpg,bib_big.jpg,football_big.jpg,football_small.jpg,80,train40,train,135,modified,
10,condition1,seal_red.jpg,semantic_control,Click on the motorcycle,.loc4,.loc1,.loc2,.loc3,good,"['loc2', 'loc3']","[1095, 2263]",seal_green.jpg,motorcycle_big.jpg,fortunecookie_big.jpg,motorcycle_small.jpg,264,filler144,filler,136,unmodified,
10,condition1,chips_stacked.jpg,semantic_control,Click on the cinnamonroll,.loc2,.loc4,.loc1,.loc3,good,"['loc2', 'loc3']","[974, 1978]",chips_strewn.jpg,cinnamonroll_small.jpg,corndog_small.jpg,cinnamonroll_big.jpg,273,filler153,filler,137,unmodified,
10,condition1,alligator_big.jpg,contrast_control,Click on the bed,.loc3,.loc4,.loc2,.loc1,good,"['loc3', 'loc1']","[576, 1698]",alligator_small.jpg,bed_big.jpg,coral_big.jpg,bed_small.jpg,228,filler108,filler,138,unmodified,
10,condition1,spraybottle_orange.jpg,semantic_control,Click on the kazoo,.loc2,.loc3,.loc4,.loc1,good,"['loc1', 'loc1']","[608, 1572]",spraybottle_blue.jpg,kazoo_big.jpg,babyswing_big.jpg,kazoo_small.jpg,252,filler132,filler,139,unmodified,
10,condition1,carseat_big.jpg,contrast_control,Click on the flag,.loc3,.loc2,.loc4,.loc1,good,"['loc1', 'loc1']","[436, 2250]",carseat_small.jpg,flag_big.jpg,pooltable_big.jpg,flag_small.jpg,218,filler98,filler,140,unmodified,
10,condition1,dinosaur_big.jpg,contrast,Click on the big dog,.loc4,.loc1,.loc2,.loc3,good,"['loc1', 'loc3', 'loc3']","[474, 2498, 2974]",palette_small.jpg,dog_small.jpg,dog_small.jpg,dog_big.jpg,11,test11,test,141,modified,
10,condition1,gardeningpail_big.jpg,no_contrast,Click on the garbagebin,.loc4,.loc1,.loc2,.loc3,good,"['loc3', 'loc3']","[552, 2670]",tank_small.jpg,garbagebin_small.jpg,saw_small.jpg,garbagebin_big.jpg,90,train50,train,142,unmodified,
10,condition1,bagpipes_big.jpg,no_contrast,Click on the small bell,.loc3,.loc2,.loc1,.loc4,good,"['loc3', 'loc3', 'loc4']","[528, 1962, 2995]",microphone_small.jpg,ribbon_big.jpg,ribbon_big.jpg,bell_small.jpg,40,test40,test,143,modified,
10,condition1,pacifier_red.jpg,semantic_control,Click on the cucumber,.loc3,.loc4,.loc2,.loc1,good,"['loc4', 'loc1']","[624, 1752]",pacifier_blue.jpg,cucumber_small.jpg,joystick_small.jpg,cucumber_big.jpg,249,filler129,filler,144,unmodified,
10,condition1,noisemaker_purple.jpg,semantic_control,Click on the swan,.loc2,.loc3,.loc4,.loc1,good,"['loc1', 'loc1']","[490, 1090]",noisemaker_green.jpg,swan_small.jpg,skirt_small.jpg,swan_big.jpg,285,filler165,filler,145,unmodified,
10,condition1,sandwich_big.jpg,contrast,Click on the small camel,.loc3,.loc1,.loc2,.loc4,good,"['loc1', 'loc4', 'loc4']","[506, 1518, 1893]",castle_small.jpg,lacrosse_big.jpg,camel_big.jpg,camel_small.jpg,66,train26,train,146,modified,
10,condition1,duster_pink.jpg,semantic_control,Click on the gumballmachine,.loc2,.loc1,.loc3,.loc4,good,"['loc4', 'loc4']","[489, 1789]",duster_turquoise.jpg,gumballmachine_small.jpg,paintroller_small.jpg,gumballmachine_big.jpg,267,filler147,filler,147,unmodified,
10,condition1,hairclip_big.jpg,contrast,Click on the small bird,.loc3,.loc4,.loc2,.loc1,good,"['loc4', 'loc1', 'loc1']","[511, 1346, 1851]",trophy_small.jpg,bird_big.jpg,bird_big.jpg,bird_small.jpg,10,test10,test,148,modified,
10,condition1,pingpong_big.jpg,contrast_control,Click on the dolphin,.loc3,.loc4,.loc1,.loc2,good,"['loc1', 'loc2']","[444, 1643]",pingpong_small.jpg,dolphin_big.jpg,magnifyingglass_big.jpg,dolphin_small.jpg,202,filler82,filler,149,unmodified,
10,condition1,bandage_big.jpg,contrast,Click on the small nut,.loc4,.loc1,.loc2,.loc3,good,"['loc2', 'loc3', 'loc3']","[419, 1455, 1768]",axe_small.jpg,spotlight_big.jpg,nut_big.jpg,nut_small.jpg,64,train24,train,150,modified,
10,condition1,birdcage_big.jpg,semantic_contrast,Click on the black shorts,.loc3,.loc1,.loc2,.loc4,good,"['loc4', 'loc4', 'loc4']","[1657, 3594, 4068]",thermos_small.jpg,zucchini.jpg,shorts_blue.jpg,shorts_black.jpg,175,filler55,filler,151,modified,
10,condition1,hookah_big.jpg,contrast_control,Click on the panda,.loc3,.loc2,.loc1,.loc4,good,"['loc2', 'loc2']","[1510, 1940]",hookah_small.jpg,panda_small.jpg,brooch_small.jpg,panda_big.jpg,221,filler101,filler,152,unmodified,
10,condition1,vacuum_handheld.jpg,semantic_control,Click on the pig,.loc3,.loc2,.loc1,.loc4,good,"['loc3', 'loc4']","[1773, 2653]",vacuum_standing.jpg,pig_small.jpg,toytrain_small.jpg,pig_big.jpg,291,filler171,filler,153,unmodified,
10,condition1,stove_big.jpg,contrast_control,Click on the gun,.loc1,.loc2,.loc4,.loc3,good,"['loc4', 'loc3']","[552, 1299]",stove_small.jpg,gun_small.jpg,bush_small.jpg,gun_big.jpg,223,filler103,filler,154,unmodified,
10,condition1,floppy_big.jpg,contrast_control,Click on the mug,.loc4,.loc2,.loc1,.loc3,good,"['loc3', 'loc3']","[543, 2164]",floppy_small.jpg,mug_small.jpg,compass_small.jpg,mug_big.jpg,193,filler73,filler,155,unmodified,
10,condition1,celery_big.jpg,semantic_contrast,Click on the electric kettle,.loc4,.loc2,.loc1,.loc3,good,"['loc3', 'loc3', 'loc3']","[1370, 2708, 3051]",loofa_small.jpg,frenchtoast.jpg,kettle_stovetop.jpg,kettle_electric.jpg,139,filler19,filler,156,modified,
10,condition1,wheelbarrow_blue.jpg,semantic_control,Click on the teepee,.loc1,.loc3,.loc4,.loc2,good,"['loc3', 'loc2']","[676, 1548]",wheelbarrow_red.jpg,teepee_small.jpg,manatee_small.jpg,teepee_big.jpg,259,filler139,filler,157,unmodified,
10,condition1,artichoke_big.jpg,contrast_control,Click on the microscope,.loc2,.loc1,.loc3,.loc4,good,"['loc2', 'loc4']","[662, 1711]",artichoke_small.jpg,microscope_big.jpg,plastichouse_big.jpg,microscope_small.jpg,210,filler90,filler,158,unmodified,
10,condition1,gardeningpail_big.jpg,contrast_control,Click on the microwave,.loc3,.loc4,.loc1,.loc2,good,"['loc4', 'loc2']","[950, 2320]",gardeningpail_small.jpg,microwave_small.jpg,wavevase_small.jpg,microwave_big.jpg,195,filler75,filler,159,unmodified,
10,condition1,grenade_big.jpg,semantic_contrast,Click on the wrapped candy,.loc1,.loc2,.loc4,.loc3,good,"['loc2', 'loc3', 'loc3']","[747, 2476, 2871]",sandal_small.jpg,seal.jpg,candy_unwrapped.jpg,candy_wrapped.jpg,167,filler47,filler,160,modified,
10,condition1,candleholder_big.jpg,contrast_control,Click on the cake,.loc4,.loc3,.loc1,.loc2,good,"['loc1', 'loc2']","[919, 1650]",candleholder_small.jpg,cake_big.jpg,speaker_big.jpg,cake_small.jpg,182,filler62,filler,161,unmodified,
10,condition1,tambourine_big.jpg,contrast_control,Click on the basket,.loc1,.loc3,.loc4,.loc2,good,"['loc2', 'loc2']","[545, 1658]",tambourine_small.jpg,basket_small.jpg,toyhammer_small.jpg,basket_big.jpg,209,filler89,filler,162,unmodified,
10,condition1,candycanes_big.jpg,contrast,Click on the small snail,.loc4,.loc1,.loc3,.loc2,good,"['loc2', 'loc2', 'loc2']","[443, 1433, 1760]",radish_small.jpg,alien_big.jpg,snail_big.jpg,snail_small.jpg,76,train36,train,163,modified,
10,condition1,pig_big.jpg,no_contrast,Click on the fork,.loc2,.loc1,.loc4,.loc3,good,"['loc2', 'loc3']","[451, 2040]",blender_small.jpg,fork_big.jpg,wallet_big.jpg,fork_small.jpg,111,train71,train,164,unmodified,
10,condition1,magnifyingglass_big.jpg,no_contrast,Click on the schoolbus,.loc3,.loc4,.loc2,.loc1,good,"['loc3', 'loc1']","[606, 1548]",package_small.jpg,schoolbus_small.jpg,snail_small.jpg,schoolbus_big.jpg,116,train76,train,165,unmodified,
10,condition1,greentape_big.jpg,semantic_contrast,Click on the green lightbulb,.loc4,.loc1,.loc2,.loc3,good,"['loc1', 'loc3', 'loc3']","[693, 2101, 2857]",redbean_small.jpg,russiandoll.jpg,lightbulb_white.jpg,lightbulb_green.jpg,164,filler44,filler,166,modified,
10,condition1,brochette_big.jpg,contrast,Click on the small necklace,.loc1,.loc2,.loc4,.loc3,good,"['loc3', 'loc3', 'loc3']","[1144, 1642, 2165]",kazoo_small.jpg,matzah_big.jpg,necklace_big.jpg,necklace_small.jpg,72,train32,train,167,modified,
10,condition1,golfcart_big.jpg,semantic_contrast,Click on the round cracker,.loc1,.loc4,.loc3,.loc2,good,"['loc3', 'loc2', 'loc2']","[567, 1571, 1992]",manatee_small.jpg,grillpan.jpg,cracker_square.jpg,cracker_round.jpg,141,filler21,filler,168,modified,
10,condition1,stapler_big.jpg,contrast,Click on the big pickle,.loc4,.loc1,.loc3,.loc2,good,"['loc2', 'loc2', 'loc2']","[536, 1323, 1751]",tennisball_small.jpg,pickle_small.jpg,pickle_small.jpg,pickle_big.jpg,1,test1,test,169,modified,
10,condition1,tape_big.jpg,no_contrast,Click on the big bunny,.loc2,.loc4,.loc1,.loc3,good,"['loc2', 'loc2', 'loc3']","[543, 1291, 2069]",lightbulb_small.jpg,fish_small.jpg,fish_small.jpg,bunny_big.jpg,37,test37,test,170,modified,
10,condition1,string_jute.jpg,semantic_control,Click on the tank,.loc2,.loc1,.loc3,.loc4,good,"['loc3', 'loc1']","[482, 1424]",string_white.jpg,tank_big.jpg,kimono_big.jpg,tank_small.jpg,270,filler150,filler,171,unmodified,
10,condition1,deer_big.jpg,contrast,Click on the big rope,.loc1,.loc4,.loc3,.loc2,good,"['loc4', 'loc2', 'loc2']","[965, 1814, 2405]",stampset_small.jpg,ironingboard_small.jpg,rope_small.jpg,rope_big.jpg,51,train11,train,172,modified,
10,condition1,crown_big.jpg,contrast,Click on the small mask,.loc2,.loc4,.loc3,.loc1,good,"['loc2', 'loc4', 'loc1']","[498, 2171, 2793]",brain_small.jpg,holepunch_big.jpg,mask_big.jpg,mask_small.jpg,42,train2,train,173,modified,
10,condition1,yoyo_big.jpg,contrast_control,Click on the dart,.loc3,.loc4,.loc2,.loc1,good,"['loc1', 'loc1']","[551, 1603]",yoyo_small.jpg,dart_big.jpg,creamer_big.jpg,dart_small.jpg,230,filler110,filler,174,unmodified,
10,condition1,button_big.jpg,contrast,Click on the big alarmclock,.loc1,.loc4,.loc2,.loc3,good,"['loc1', 'loc1', 'loc3']","[498, 1758, 2778]",artichoke_small.jpg,earth_small.jpg,alarmclock_small.jpg,alarmclock_big.jpg,61,train21,train,175,modified,
10,condition1,broom_big.jpg,contrast_control,Click on the stapler,.loc1,.loc4,.loc2,.loc3,good,"['loc3', 'loc3']","[584, 1814]",broom_small.jpg,stapler_small.jpg,lacrosse_small.jpg,stapler_big.jpg,181,filler61,filler,176,unmodified,
10,condition1,greenbean_big.jpg,no_contrast,Click on the flashlight,.loc3,.loc2,.loc4,.loc1,good,"['loc3', 'loc1']","[576, 11054]",hourglass_small.jpg,flashlight_big.jpg,door_big.jpg,flashlight_small.jpg,89,train49,train,177,unmodified,
10,condition1,anchor_big.jpg,contrast_control,Click on the bill,.loc3,.loc4,.loc1,.loc2,good,"['loc2', 'loc2']","[832, 9404]",anchor_small.jpg,bill_small.jpg,babycup_small.jpg,bill_big.jpg,213,filler93,filler,178,unmodified,
10,condition1,wreath_big.jpg,contrast_control,Click on the kangaroo,.loc3,.loc2,.loc4,.loc1,good,"['loc2', 'loc1']","[538, 1814]",wreath_small.jpg,kangaroo_big.jpg,ghost_big.jpg,kangaroo_small.jpg,238,filler118,filler,179,unmodified,
10,condition1,basket_big.jpg,no_contrast,Click on the small feather,.loc4,.loc2,.loc3,.loc1,good,"['loc2', 'loc3', 'loc1']","[918, 3525, 4936]",washer_small.jpg,pear_big.jpg,pear_big.jpg,feather_small.jpg,29,test29,test,180,modified,
10,condition1,laundrybasket_red.jpg,semantic_control,Click on the crib,.loc4,.loc2,.loc1,.loc3,good,"['loc1', 'loc3']","[551, 6079]",laundrybasket_white.jpg,crib_big.jpg,bootie_big.jpg,crib_small.jpg,248,filler128,filler,181,unmodified,
10,condition1,shapestoy_big.jpg,no_contrast,Click on the big tuxedo,.loc4,.loc3,.loc1,.loc2,good,"['loc3', 'loc2', 'loc2']","[536, 1347, 1869]",pillow_small.jpg,cookie_small.jpg,cookie_small.jpg,tuxedo_big.jpg,24,test24,test,182,modified,
10,condition1,feather_gold.jpg,semantic_control,Click on the telescope,.loc1,.loc4,.loc2,.loc3,good,"['loc2', 'loc3']","[498, 1611]",feather_blue.jpg,telescope_small.jpg,thermos_small.jpg,telescope_big.jpg,289,filler169,filler,183,unmodified,
10,condition1,turkey_big.jpg,semantic_contrast,Click on the electric guitar,.loc3,.loc4,.loc1,.loc2,good,"['loc3', 'loc2', 'loc2']","[599, 1386, 2584]",horseshoe_small.jpg,cardinal.jpg,guitar_classic.jpg,guitar_electric.jpg,124,filler4,filler,184,modified,
10,condition1,measuringtape_big.jpg,semantic_contrast,Click on the open box,.loc4,.loc1,.loc3,.loc2,good,"['loc2', 'loc2', 'loc2']","[482, 1037, 1394]",screw_small.jpg,skeleton.jpg,box_closed.jpg,box_open.jpg,168,filler48,filler,185,modified,
10,condition1,ostrich_big.jpg,no_contrast,Click on the buffalo,.loc1,.loc3,.loc2,.loc4,good,"['loc2', 'loc4']","[707, 1899]",potato_small.jpg,buffalo_small.jpg,mask_small.jpg,buffalo_big.jpg,82,train42,train,186,unmodified,
10,condition1,lizard_big.jpg,contrast,Click on the big briefcase,.loc1,.loc3,.loc4,.loc2,good,"['loc4', 'loc2', 'loc2']","[566, 1424, 1922]",carseat_small.jpg,calculator_small.jpg,briefcase_small.jpg,briefcase_big.jpg,45,train5,train,187,modified,
10,condition1,lawnmower_big.jpg,semantic_contrast,Click on the glass bottle,.loc4,.loc1,.loc3,.loc2,good,"['loc2', 'loc2', 'loc2']","[474, 1308, 1823]",paintroller_small.jpg,gardeningpail.jpg,bottle_plastic.jpg,bottle_glass.jpg,150,filler30,filler,188,modified,
10,condition1,coffeemaker_orange.jpg,semantic_control,Click on the button,.loc1,.loc2,.loc3,.loc4,good,"['loc2', 'loc4']","[535, 1617]",coffeemaker_blue.jpg,button_small.jpg,congadrum_small.jpg,button_big.jpg,241,filler121,filler,189,unmodified,
10,condition1,exercisebike_big.jpg,semantic_contrast,Click on the hand mirror,.loc4,.loc2,.loc3,.loc1,good,"['loc4', 'loc1', 'loc1']","[529, 1517, 1969]",mango_small.jpg,goldfish.jpg,mirror_standing.jpg,mirror_hand.jpg,142,filler22,filler,190,modified,
10,condition1,clock_cuckoo.jpg,semantic_control,Click on the sheep,.loc2,.loc1,.loc3,.loc4,good,"['loc1', 'loc4']","[692, 1634]",clock_grandfather.jpg,sheep_big.jpg,payphone_big.jpg,sheep_small.jpg,288,filler168,filler,191,unmodified,
10,condition1,anchor_big.jpg,contrast,Click on the small harp,.loc4,.loc3,.loc2,.loc1,good,"['loc4', 'loc1', 'loc1']","[465, 1246, 1633]",fountain_small.jpg,webcam_big.jpg,harp_big.jpg,harp_small.jpg,54,train14,train,192,modified,
10,condition1,fishingpole_big.jpg,contrast_control,Click on the laptop,.loc3,.loc2,.loc4,.loc1,good,"['loc1', 'loc1']","[561, 1566]",fishingpole_small.jpg,laptop_small.jpg,hay_small.jpg,laptop_big.jpg,215,filler95,filler,193,unmodified,
10,condition1,iceskates_figure.jpg,semantic_control,Click on the nutcracker,.loc1,.loc3,.loc4,.loc2,good,"['loc1', 'loc2']","[512, 1354]",iceskates_hockey.jpg,nutcracker_big.jpg,wrench_big.jpg,nutcracker_small.jpg,298,filler178,filler,194,unmodified,
10,condition1,gummybears_big.jpg,semantic_contrast,Click on the glazed donut,.loc2,.loc3,.loc4,.loc1,good,"['loc2', 'loc1', 'loc1']","[606, 1485, 1899]",organ_small.jpg,lighter.jpg,donut_powdered.jpg,donut_glazed.jpg,148,filler28,filler,195,modified,
10,condition1,cinnamonroll_big.jpg,no_contrast,Click on the hotdog,.loc3,.loc2,.loc1,.loc4,good,"['loc1', 'loc4']","[692, 1789]",frog_small.jpg,hotdog_big.jpg,violin_big.jpg,hotdog_small.jpg,93,train53,train,196,unmodified,
10,condition1,molecule_big.jpg,contrast_control,Click on the deer,.loc4,.loc2,.loc3,.loc1,good,"['loc4', 'loc1']","[583, 1463]",molecule_small.jpg,deer_small.jpg,cushion_small.jpg,deer_big.jpg,231,filler111,filler,197,unmodified,
10,condition1,globe_big.jpg,contrast_control,Click on the pie,.loc1,.loc2,.loc4,.loc3,good,"['loc1', 'loc3']","[451, 1750]",globe_small.jpg,pie_big.jpg,bandage_big.jpg,pie_small.jpg,216,filler96,filler,198,unmodified,
10,condition1,redrose_big.jpg,contrast_control,Click on the pillow,.loc3,.loc1,.loc2,.loc4,good,"['loc3', 'loc4']","[530, 1410]",redrose_small.jpg,pillow_big.jpg,oars_big.jpg,pillow_small.jpg,204,filler84,filler,199,unmodified,
10,condition1,soap_big.jpg,contrast,Click on the big pear,.loc2,.loc1,.loc4,.loc3,good,"['loc4', 'loc3', 'loc3']","[599, 1485, 1892]",cannoli_small.jpg,pear_small.jpg,pear_small.jpg,pear_big.jpg,9,test9,test,200,modified,
10,condition1,sandwich_big.jpg,contrast_control,Click on the barrel,.loc2,.loc1,.loc3,.loc4,good,"['loc3', 'loc4']","[606, 1843]",sandwich_small.jpg,barrel_small.jpg,xylophone_small.jpg,barrel_big.jpg,207,filler87,filler,201,unmodified,
10,condition1,ladybug_big.jpg,no_contrast,Click on the big orange,.loc1,.loc3,.loc4,.loc2,good,"['loc4', 'loc2', 'loc2']","[546, 1533, 1977]",cone_small.jpg,icecream_small.jpg,icecream_small.jpg,orange_big.jpg,28,test28,test,202,modified,
10,condition1,playpen_big.jpg,semantic_contrast,Click on the narrow tire,.loc2,.loc1,.loc3,.loc4,good,"['loc2', 'loc4', 'loc4']","[553, 1735, 2117]",toytrain_small.jpg,wetsuit.jpg,tire_wide.jpg,tire_narrow.jpg,180,filler60,filler,203,modified,
10,condition1,coral_big.jpg,no_contrast,Click on the elephant,.loc3,.loc1,.loc2,.loc4,good,"['loc2', 'loc4']","[576, 1222]",garlic_small.jpg,elephant_small.jpg,butterfly_small.jpg,elephant_big.jpg,88,train48,train,204,unmodified,
10,condition1,ghost_big.jpg,no_contrast,Click on the whistle,.loc3,.loc4,.loc1,.loc2,good,"['loc2', 'loc2']","[721, 1510]",sheep_small.jpg,whistle_small.jpg,banjo_small.jpg,whistle_big.jpg,108,train68,train,205,unmodified,
10,condition1,cassette_black.jpg,semantic_control,Click on the garlic,.loc4,.loc2,.loc1,.loc3,good,"['loc2', 'loc3']","[520, 1369]",cassette_white.jpg,garlic_big.jpg,tank_big.jpg,garlic_small.jpg,268,filler148,filler,206,unmodified,
10,condition1,desk_big.jpg,no_contrast,Click on the big grapes,.loc3,.loc1,.loc2,.loc4,good,"['loc1', 'loc3', 'loc4']","[786, 1751, 2872]",shears_small.jpg,monkey_small.jpg,monkey_small.jpg,grapes_big.jpg,39,test39,test,207,modified,
10,condition1,panflute_big.jpg,no_contrast,Click on the big brush,.loc4,.loc3,.loc1,.loc2,good,"['loc4', 'loc4', 'loc2']","[583, 2000, 3230]",dolphin_small.jpg,lobster_small.jpg,lobster_small.jpg,brush_big.jpg,22,test22,test,208,modified,
10,condition1,helicopter_big.jpg,semantic_contrast,Click on the open backpack,.loc3,.loc2,.loc1,.loc4,good,"['loc2', 'loc4', 'loc4']","[490, 1455, 2008]",meat_small.jpg,grater.jpg,backpack_closed.jpg,backpack_open.jpg,144,filler24,filler,209,modified,
10,condition1,plastichouse_big.jpg,contrast,Click on the small checkerboard,.loc4,.loc1,.loc2,.loc3,good,"['loc2', 'loc3', 'loc3']","[575, 2863, 3394]",stoplight_small.jpg,binoculars_big.jpg,checkerboard_big.jpg,checkerboard_small.jpg,44,train4,train,210,modified,
10,condition1,pumpkin_real.jpg,semantic_control,Click on the sunflower,.loc1,.loc2,.loc4,.loc3,good,"['loc3', 'loc3']","[530, 3051]",pumpkin_cookie.jpg,sunflower_big.jpg,tweezers_big.jpg,sunflower_small.jpg,284,filler164,filler,211,unmodified,
10,condition1,pretzel_knot.jpg,semantic_control,Click on the waffle,.loc3,.loc1,.loc2,.loc4,good,"['loc1', 'loc4']","[762, 2287]",pretzel_sticks.jpg,waffle_big.jpg,exerciseball_big.jpg,waffle_small.jpg,282,filler162,filler,212,unmodified,
10,condition1,sword_fantasy.jpg,semantic_control,Click on the pinecone,.loc4,.loc2,.loc1,.loc3,good,"['loc2', 'loc3']","[661, 2357]",sword_thin.jpg,pinecone_small.jpg,measuringcups_small.jpg,pinecone_big.jpg,261,filler141,filler,213,unmodified,
10,condition1,pill_hard.jpg,semantic_control,Click on the radish,.loc4,.loc1,.loc2,.loc3,good,"['loc1', 'loc3']","[769, 2880]",pill_capsule.jpg,radish_big.jpg,bikewithbasket_big.jpg,radish_small.jpg,256,filler136,filler,214,unmodified,
10,condition1,origami_big.jpg,no_contrast,Click on the cactus,.loc4,.loc1,.loc3,.loc2,good,"['loc1', 'loc2']","[817, 1719]",brooch_small.jpg,cactus_big.jpg,lifevest_big.jpg,cactus_small.jpg,83,train43,train,215,unmodified,
10,condition1,duck_camo.jpg,semantic_control,Click on the potato,.loc1,.loc2,.loc4,.loc3,good,"['loc2', 'loc3']","[670, 1519]",duck_zebra.jpg,potato_big.jpg,dustpan_big.jpg,potato_small.jpg,262,filler142,filler,216,unmodified,
10,condition1,veggieplatter_big.jpg,contrast,Click on the small cat,.loc1,.loc4,.loc2,.loc3,good,"['loc3', 'loc3', 'loc3']","[591, 1385, 1752]",recliner_small.jpg,cat_big.jpg,cat_big.jpg,cat_small.jpg,12,test12,test,217,modified,
10,condition1,footstool_big.jpg,no_contrast,Click on the tacos,.loc2,.loc1,.loc4,.loc3,good,"['loc3', 'loc3']","[638, 1485]",sunflower_small.jpg,tacos_small.jpg,nut_small.jpg,tacos_big.jpg,104,train64,train,218,unmodified,
10,condition1,quilt_blue.jpg,semantic_control,Click on the slide,.loc2,.loc4,.loc3,.loc1,good,"['loc3', 'loc1']","[600, 1502]",quilt_brown.jpg,slide_small.jpg,leopard_small.jpg,slide_big.jpg,257,filler137,filler,219,unmodified,
10,condition1,ring_big.jpg,no_contrast,Click on the lipstick,.loc3,.loc1,.loc4,.loc2,good,"['loc1', 'loc2']","[477, 1364]",burrito_small.jpg,lipstick_small.jpg,wheel_small.jpg,lipstick_big.jpg,96,train56,train,220,unmodified,
10,condition1,scarf_big.jpg,contrast,Click on the small eagle,.loc4,.loc1,.loc2,.loc3,good,"['loc2', 'loc3', 'loc3']","[691, 2234, 2909]",horse_small.jpg,scotchtape_big.jpg,eagle_big.jpg,eagle_small.jpg,70,train30,train,221,modified,
10,condition1,funnel_big.jpg,contrast,Click on the small icecream,.loc2,.loc4,.loc1,.loc3,good,"['loc1', 'loc3', 'loc3']","[1152, 2726, 3138]",pizza_small.jpg,icecream_big.jpg,icecream_big.jpg,icecream_small.jpg,8,test8,test,222,modified,
10,condition1,keyboard_big.jpg,contrast,Click on the big suit,.loc4,.loc1,.loc2,.loc3,good,"['loc3', 'loc3', 'loc3']","[684, 1432, 1798]",redrose_small.jpg,qtip_small.jpg,suit_small.jpg,suit_big.jpg,73,train33,train,223,modified,
10,condition1,scroll_writing.jpg,semantic_control,Click on the hawk,.loc4,.loc1,.loc3,.loc2,good,"['loc3', 'loc2']","[631, 1518]",scroll_blank.jpg,hawk_small.jpg,redkettle_small.jpg,hawk_big.jpg,251,filler131,filler,224,unmodified,
10,condition1,turnip_big.jpg,semantic_contrast,Click on the fivecent coins,.loc3,.loc2,.loc4,.loc1,good,"['loc2', 'loc2', 'loc1']","[724, 1946, 2919]",pomegranate_small.jpg,rake.jpg,coins_tencent.jpg,coins_fivecent.jpg,160,filler40,filler,225,modified,
10,condition1,sponge_big.jpg,contrast,Click on the small monkey,.loc3,.loc4,.loc2,.loc1,good,"['loc1', 'loc1', 'loc1']","[771, 1821, 2297]",sportsbag_small.jpg,monkey_big.jpg,monkey_big.jpg,monkey_small.jpg,19,test19,test,226,modified,
10,condition1,womansshoe_pair.jpg,semantic_control,Click on the table,.loc1,.loc3,.loc4,.loc2,good,"['loc1', 'loc2']","[708, 1618]",womansshoe_single.jpg,table_small.jpg,jumprope_small.jpg,table_big.jpg,283,filler163,filler,227,unmodified,
10,condition1,hairclip_big.jpg,contrast_control,Click on the frenchfries,.loc2,.loc1,.loc3,.loc4,good,"['loc2', 'loc4']","[740, 1767]",hairclip_small.jpg,frenchfries_small.jpg,blender_small.jpg,frenchfries_big.jpg,235,filler115,filler,228,unmodified,
10,condition1,kiwi_big.jpg,contrast,Click on the big target,.loc1,.loc4,.loc2,.loc3,good,"['loc4', 'loc3', 'loc3']","[614, 1469, 1937]",toyhammer_small.jpg,clarinet_small.jpg,target_small.jpg,target_big.jpg,59,train19,train,229,modified,
10,condition1,scarf_big.jpg,contrast_control,Click on the cane,.loc1,.loc3,.loc4,.loc2,good,"['loc1', 'loc2']","[817, 1776]",scarf_small.jpg,cane_small.jpg,stampset_small.jpg,cane_big.jpg,205,filler85,filler,230,unmodified,
10,condition1,protractor_big.jpg,semantic_contrast,Click on the shorthair puppet,.loc3,.loc1,.loc2,.loc4,good,"['loc2', 'loc4', 'loc4']","[568, 2240, 2646]",shades_small.jpg,sled.jpg,puppet_longhair.jpg,puppet_shorthair.jpg,169,filler49,filler,231,modified,
10,condition1,convertible_closed.jpg,semantic_control,Click on the champagne,.loc4,.loc3,.loc2,.loc1,good,"['loc2', 'loc1']","[724, 1962]",convertible_open.jpg,champagne_small.jpg,jar_small.jpg,champagne_big.jpg,247,filler127,filler,232,unmodified,
10,condition1,orangephone_big.jpg,no_contrast,Click on the small guitar,.loc4,.loc1,.loc3,.loc2,good,"['loc1', 'loc3', 'loc2']","[550, 2200, 3259]",pie_small.jpg,plant_big.jpg,plant_big.jpg,guitar_small.jpg,36,test36,test,233,modified,
10,condition1,hippo_big.jpg,contrast,Click on the big house,.loc4,.loc3,.loc1,.loc2,good,"['loc2', 'loc4', 'loc2']","[514, 1480, 2291]",candle_small.jpg,antelope_small.jpg,house_small.jpg,house_big.jpg,57,train17,train,234,modified,
10,condition1,plant_largeleaves.jpg,semantic_control,Click on the blackboard,.loc2,.loc3,.loc1,.loc4,good,"['loc2', 'loc4']","[605, 1555]",plant_smallleaves.jpg,blackboard_small.jpg,horseshoe_small.jpg,blackboard_big.jpg,243,filler123,filler,235,unmodified,
10,condition1,jacket_big.jpg,contrast_control,Click on the scissors,.loc1,.loc2,.loc3,.loc4,good,"['loc2', 'loc4']","[708, 1691]",jacket_small.jpg,scissors_small.jpg,toyoctopus_small.jpg,scissors_big.jpg,197,filler77,filler,236,unmodified,
10,condition1,pen_green.jpg,semantic_control,Click on the lollipops,.loc3,.loc4,.loc2,.loc1,good,"['loc4', 'loc1']","[715, 1609]",pen_black.jpg,lollipops_small.jpg,pitchfork_small.jpg,lollipops_big.jpg,275,filler155,filler,237,unmodified,
10,condition1,crown_big.jpg,contrast_control,Click on the desk,.loc4,.loc1,.loc3,.loc2,good,"['loc1', 'loc2']","[794, 1628]",crown_small.jpg,desk_small.jpg,bowlofoatmeal_small.jpg,desk_big.jpg,219,filler99,filler,238,unmodified,
10,condition1,pot_brass.jpg,semantic_control,Click on the glove,.loc1,.loc3,.loc2,.loc4,good,"['loc2', 'loc4']","[654, 2383]",pot_ceramic.jpg,glove_big.jpg,handcuffs_big.jpg,glove_small.jpg,280,filler160,filler,239,unmodified,
10,condition1,skateboard_stripes.jpg,semantic_control,Click on the parrot,.loc1,.loc4,.loc3,.loc2,good,"['loc4', 'loc2']","[575, 1477]",skateboard_checkers.jpg,parrot_big.jpg,babybottle_big.jpg,parrot_small.jpg,294,filler174,filler,240,unmodified,
10,condition1,panflute_big.jpg,contrast_control,Click on the caterpillar,.loc2,.loc4,.loc3,.loc1,good,"['loc2', 'loc1']","[740, 1712]",panflute_small.jpg,caterpillar_small.jpg,crane_small.jpg,caterpillar_big.jpg,229,filler109,filler,241,unmodified,
10,condition1,cannoli_big.jpg,contrast_control,Click on the graduationhat,.loc3,.loc2,.loc1,.loc4,good,"['loc1', 'loc4']","[1068, 2158]",cannoli_small.jpg,graduationhat_big.jpg,footstool_big.jpg,graduationhat_small.jpg,236,filler116,filler,242,unmodified,
10,condition1,measuringtape_black.jpg,semantic_control,Click on the lighthouse,.loc2,.loc1,.loc4,.loc3,good,"['loc4', 'loc3']","[514, 2724]",measuringtape_orange.jpg,lighthouse_big.jpg,batteries_big.jpg,lighthouse_small.jpg,254,filler134,filler,243,unmodified,
10,condition1,garlicpress_blue.jpg,semantic_control,Click on the sock,.loc4,.loc1,.loc3,.loc2,good,"['loc3', 'loc2']","[592, 1628]",garlicpress_red.jpg,sock_small.jpg,redbean_small.jpg,sock_big.jpg,279,filler159,filler,244,unmodified,
10,condition1,burger_big.jpg,contrast_control,Click on the teapot,.loc3,.loc4,.loc1,.loc2,good,"['loc2', 'loc2']","[660, 2692]",burger_small.jpg,teapot_big.jpg,funnel_big.jpg,teapot_small.jpg,184,filler64,filler,245,unmodified,
10,condition1,broom_big.jpg,no_contrast,Click on the bagel,.loc1,.loc4,.loc3,.loc2,good,"['loc2', 'loc2']","[444, 1394]",nutcracker_small.jpg,bagel_small.jpg,igloo_small.jpg,bagel_big.jpg,118,train78,train,246,unmodified,
10,condition1,kettle_silver.jpg,semantic_control,Click on the bowtie,.loc1,.loc2,.loc4,.loc3,good,"['loc2', 'loc3']","[498, 2016]",kettle_gold.jpg,bowtie_small.jpg,pomegranate_small.jpg,bowtie_big.jpg,277,filler157,filler,247,unmodified,
10,condition1,brusselsprout_big.jpg,semantic_contrast,Click on the tricolor pasta,.loc1,.loc4,.loc2,.loc3,good,"['loc3', 'loc3', 'loc3']","[615, 1525, 2055]",lemur_small.jpg,mortarandpestle.jpg,pasta_tortellini.jpg,pasta_tricolor.jpg,137,filler17,filler,248,modified,
10,condition1,victrola_big.jpg,contrast,Click on the small butterfly,.loc2,.loc4,.loc1,.loc3,good,"['loc3', 'loc3', 'loc3']","[536, 1821, 2266]",bed_small.jpg,parkingmeter_big.jpg,butterfly_big.jpg,butterfly_small.jpg,48,train8,train,249,modified,
10,condition1,ovenmit_big.jpg,no_contrast,Click on the avocado,.loc4,.loc3,.loc1,.loc2,good,"['loc3', 'loc2']","[589, 1453]",candleholder_small.jpg,avocado_big.jpg,seahorse_big.jpg,avocado_small.jpg,117,train77,train,250,unmodified,
10,condition1,evenbars_big.jpg,semantic_contrast,Click on the reading glasses,.loc1,.loc4,.loc3,.loc2,good,"['loc2', 'loc2', 'loc2']","[724, 1706, 2180]",kitchentimer_small.jpg,fishhook.jpg,glasses_sun.jpg,glasses_reading.jpg,133,filler13,filler,251,modified,
10,condition1,barrel_big.jpg,no_contrast,Click on the small key,.loc1,.loc2,.loc4,.loc3,good,"['loc2', 'loc2', 'loc3']","[685, 1370, 2631]",compass_small.jpg,ballerina_big.jpg,ballerina_big.jpg,key_small.jpg,27,test27,test,252,modified,
10,condition1,broccoli_big.jpg,contrast,Click on the small backpack,.loc1,.loc3,.loc4,.loc2,good,"['loc3', 'loc2', 'loc2']","[622, 2476, 2904]",shovel_small.jpg,backpack_big.jpg,backpack_big.jpg,backpack_small.jpg,6,test6,test,253,modified,
10,condition1,sandbox_big.jpg,semantic_contrast,Click on the lion doorknocker,.loc1,.loc4,.loc3,.loc2,good,"['loc2', 'loc2', 'loc2']","[877, 1609, 2069]",peppershaker_small.jpg,rug.jpg,doorknocker_dragon.jpg,doorknocker_lion.jpg,155,filler35,filler,254,modified,
10,condition1,pasta_ravioli.jpg,semantic_control,Click on the package,.loc3,.loc1,.loc4,.loc2,good,"['loc2', 'loc2']","[506, 1276]",pasta_spaghetti.jpg,package_big.jpg,bloodymary_big.jpg,package_small.jpg,296,filler176,filler,255,unmodified,
10,condition1,suitcase_big.jpg,no_contrast,Click on the small bike,.loc1,.loc2,.loc3,.loc4,good,"['loc2', 'loc4', 'loc4']","[661, 2257, 2701]",wavevase_small.jpg,dog_big.jpg,dog_big.jpg,bike_small.jpg,31,test31,test,256,modified,
10,condition1,batteries_big.jpg,semantic_contrast,Click on the round loafofbread,.loc2,.loc4,.loc3,.loc1,good,"['loc4', 'loc1', 'loc1']","[537, 1703, 2148]",kneehammer_small.jpg,flamingo.jpg,loafofbread_rectangular.jpg,loafofbread_round.jpg,134,filler14,filler,257,modified,
10,condition1,clog_big.jpg,no_contrast,Click on the chair,.loc3,.loc4,.loc1,.loc2,good,"['loc1', 'loc2']","[717, 1557]",motorcycle_small.jpg,chair_small.jpg,checkerboard_small.jpg,chair_big.jpg,84,train44,train,258,unmodified,
10,condition1,pineapple_big.jpg,contrast,Click on the small igloo,.loc2,.loc4,.loc1,.loc3,good,"['loc2', 'loc3', 'loc3']","[646, 2420, 2880]",snowflake_small.jpg,canon_big.jpg,igloo_big.jpg,igloo_small.jpg,78,train38,train,259,modified,
10,condition1,floppy_big.jpg,no_contrast,Click on the firehydrant,.loc3,.loc1,.loc2,.loc4,good,"['loc3', 'loc4']","[607, 1805]",chocolatebar_small.jpg,firehydrant_small.jpg,harp_small.jpg,firehydrant_big.jpg,94,train54,train,260,unmodified,
10,condition1,aabacus_four.jpg,semantic_control,Click on the castle,.loc3,.loc1,.loc4,.loc2,good,"['loc2', 'loc2']","[917, 2467]",aabacus_ten.jpg,castle_big.jpg,weddingcake_big.jpg,castle_small.jpg,246,filler126,filler,261,unmodified,
10,condition1,cheeseplate_big.jpg,semantic_contrast,Click on the yellow plate,.loc3,.loc2,.loc4,.loc1,good,"['loc2', 'loc1', 'loc1']","[1710, 2574, 3196]",kooshball_small.jpg,legoblocks.jpg,plate_blue.jpg,plate_yellow.jpg,179,filler59,filler,262,modified,
10,condition1,microwave_big.jpg,contrast,Click on the small bottle,.loc4,.loc1,.loc2,.loc3,good,"['loc1', 'loc3', 'loc3']","[5613, 6655, 7067]",paperclips_small.jpg,bottle_big.jpg,bottle_big.jpg,bottle_small.jpg,15,test15,test,263,modified,
10,condition1,puppy_big.jpg,contrast_control,Click on the bone,.loc3,.loc1,.loc2,.loc4,good,"['loc2', 'loc4']","[1946, 2888]",puppy_small.jpg,bone_small.jpg,pinkdice_small.jpg,bone_big.jpg,203,filler83,filler,264,unmodified,
10,condition1,africanmask_big.jpg,contrast,Click on the small wheel,.loc4,.loc3,.loc1,.loc2,good,"['loc4', 'loc2', 'loc2']","[763, 1464, 1891]",graduationhat_small.jpg,safetypin_big.jpg,wheel_big.jpg,wheel_small.jpg,56,train16,train,265,modified,
10,condition1,telescope_big.jpg,no_contrast,Click on the zebra,.loc4,.loc1,.loc3,.loc2,good,"['loc2', 'loc2']","[576, 2274]",icecreambar_small.jpg,zebra_big.jpg,bat_big.jpg,zebra_small.jpg,109,train69,train,266,unmodified,
10,condition1,sushi_big.jpg,contrast_control,Click on the cone,.loc4,.loc3,.loc2,.loc1,good,"['loc2', 'loc1']","[1135, 4271]",sushi_small.jpg,cone_big.jpg,stroller_big.jpg,cone_small.jpg,208,filler88,filler,267,unmodified,
10,condition1,goose_big.jpg,contrast_control,Click on the muffin,.loc2,.loc4,.loc1,.loc3,good,"['loc1', 'loc3']","[609, 1558]",goose_small.jpg,muffin_small.jpg,palette_small.jpg,muffin_big.jpg,183,filler63,filler,268,unmodified,
10,condition1,groceries_big.jpg,contrast,Click on the small teabag,.loc2,.loc4,.loc1,.loc3,good,"['loc1', 'loc3', 'loc3']","[740, 1844, 2366]",lion_small.jpg,chipmunk_big.jpg,teabag_big.jpg,teabag_small.jpg,60,train20,train,269,modified,
10,condition1,fireextinguisher_big.jpg,contrast_control,Click on the fountain,.loc1,.loc4,.loc2,.loc3,good,"['loc3', 'loc4']","[653, 1767]",fireextinguisher_small.jpg,fountain_big.jpg,eiffeltower_big.jpg,fountain_small.jpg,234,filler114,filler,270,unmodified,
10,condition1,gun_big.jpg,contrast,Click on the big lifevest,.loc3,.loc2,.loc4,.loc1,good,"['loc4', 'loc1', 'loc1']","[668, 1729, 2202]",toolbox_small.jpg,hotairballoon_small.jpg,lifevest_small.jpg,lifevest_big.jpg,43,train3,train,271,modified,
10,condition1,dress_roses.jpg,semantic_control,Click on the asparagus,.loc4,.loc2,.loc3,.loc1,good,"['loc1', 'loc1']","[980, 2716]",dress_flowers.jpg,asparagus_small.jpg,thimble_small.jpg,asparagus_big.jpg,287,filler167,filler,272,unmodified,
10,condition1,helmet_big.jpg,contrast,Click on the big hat,.loc1,.loc4,.loc3,.loc2,good,"['loc1', 'loc2', 'loc2']","[617, 1362, 1838]",wreath_small.jpg,hat_small.jpg,hat_small.jpg,hat_big.jpg,5,test5,test,273,modified,
10,condition1,weddingcake_big.jpg,semantic_contrast,Click on the red bathingsuit,.loc3,.loc4,.loc2,.loc1,good,"['loc2', 'loc1', 'loc1']","[552, 1292, 1744]",jackolantern_small.jpg,chopsticks.jpg,bathingsuit_blue.jpg,bathingsuit_red.jpg,127,filler7,filler,274,modified,
10,condition1,glasses_tortoise.jpg,semantic_control,Click on the couch,.loc3,.loc2,.loc1,.loc4,good,"['loc1', 'loc4']","[692, 1688]",glasses_blue.jpg,couch_big.jpg,cheeseplate_big.jpg,couch_small.jpg,300,filler180,filler,275,unmodified,
10,condition1,tank_big.jpg,semantic_contrast,Click on the open book,.loc1,.loc2,.loc3,.loc4,good,"['loc4', 'loc4', 'loc4']","[615, 1509, 1931]",thermometer_small.jpg,groundhog.jpg,book_closed.jpg,book_open.jpg,145,filler25,filler,276,modified,
10,condition1,milkshake_big.jpg,no_contrast,Click on the big turtle,.loc2,.loc3,.loc1,.loc4,good,"['loc4', 'loc1', 'loc4']","[622, 1836, 3198]",baseballglove_small.jpg,cat_small.jpg,cat_small.jpg,turtle_big.jpg,32,test32,test,277,modified,
10,condition1,cork_big.jpg,no_contrast,Click on the small hammer,.loc2,.loc3,.loc4,.loc1,good,"['loc4', 'loc1', 'loc1']","[505, 3309, 4345]",yoyo_small.jpg,pickle_big.jpg,pickle_big.jpg,hammer_small.jpg,21,test21,test,278,modified,
10,condition1,piano_big.jpg,contrast,Click on the big ballerina,.loc3,.loc2,.loc1,.loc4,good,"['loc2', 'loc3', 'loc4']","[1206, 2802, 3672]",cables_small.jpg,ballerina_small.jpg,ballerina_small.jpg,ballerina_big.jpg,7,test7,test,279,modified,
10,condition1,cane_big.jpg,no_contrast,Click on the small onion,.loc1,.loc3,.loc4,.loc2,good,"['loc4', 'loc4', 'loc2']","[639, 1947, 2973]",alligator_small.jpg,hat_big.jpg,hat_big.jpg,onion_small.jpg,25,test25,test,280,modified,
10,condition1,dalmatian_big.jpg,no_contrast,Click on the paperclip,.loc1,.loc2,.loc4,.loc3,good,"['loc2', 'loc3']","[585, 1720]",blueberries_small.jpg,paperclip_small.jpg,airplane_small.jpg,paperclip_big.jpg,98,train58,train,281,unmodified,
10,condition1,bottleopener_big.jpg,semantic_contrast,Click on the blue bow,.loc3,.loc1,.loc4,.loc2,good,"['loc1', 'loc2', 'loc2']","[966, 1916, 2516]",toiletplunger_small.jpg,buffalowings.jpg,bow_pink.jpg,bow_blue.jpg,177,filler57,filler,282,modified,
10,condition1,dalmatian_big.jpg,contrast_control,Click on the dinosaur,.loc1,.loc2,.loc3,.loc4,good,"['loc2', 'loc4']","[778, 1860]",dalmatian_small.jpg,dinosaur_small.jpg,screwdriver_small.jpg,dinosaur_big.jpg,191,filler71,filler,283,unmodified,
10,condition1,babybottle_big.jpg,semantic_contrast,Click on the yellow watch,.loc4,.loc2,.loc3,.loc1,good,"['loc2', 'loc1', 'loc1']","[746, 1472, 2016]",snowshoes_small.jpg,staircase.jpg,watch_brown.jpg,watch_yellow.jpg,173,filler53,filler,284,modified,
10,condition1,rollingpin_big.jpg,contrast_control,Click on the tape,.loc3,.loc4,.loc2,.loc1,good,"['loc1', 'loc1']","[747, 2131]",rollingpin_small.jpg,tape_small.jpg,cookiecutter_small.jpg,tape_big.jpg,217,filler97,filler,285,unmodified,
10,condition1,sock_big.jpg,no_contrast,Click on the penguin,.loc4,.loc3,.loc1,.loc2,good,"['loc1', 'loc2']","[1962, 2858]",bush_small.jpg,penguin_big.jpg,target_big.jpg,penguin_small.jpg,99,train59,train,286,unmodified,
10,condition1,waterhose_big.jpg,semantic_contrast,Click on the gold bracelet,.loc2,.loc4,.loc3,.loc1,good,"['loc2', 'loc1', 'loc1']","[717, 2094, 2608]",hubble_small.jpg,carousel.jpg,bracelet_diamond.jpg,bracelet_gold.jpg,125,filler5,filler,287,modified,
10,condition1,pinacolada_big.jpg,semantic_contrast,Click on the spotted cow,.loc1,.loc3,.loc2,.loc4,good,"['loc1', 'loc4', 'loc4']","[910, 2032, 2562]",honeystick_small.jpg,buddha.jpg,cow_brown.jpg,cow_spotted.jpg,123,filler3,filler,288,modified,
10,condition1,blackspaceship_big.jpg,contrast,Click on the big plant,.loc1,.loc3,.loc4,.loc2,good,"['loc2', 'loc1', 'loc2']","[935, 1797, 2763]",bucket_small.jpg,plant_small.jpg,plant_small.jpg,plant_big.jpg,16,test16,test,289,modified,
10,condition1,wallsconce_speckled.jpg,semantic_control,Click on the raspberry,.loc3,.loc4,.loc2,.loc1,good,"['loc2', 'loc1']","[623, 1403]",wallsconce_tassles.jpg,raspberry_big.jpg,measuringtape_big.jpg,raspberry_small.jpg,290,filler170,filler,290,unmodified,
10,condition1,beaver_big.jpg,contrast_control,Click on the suitcase,.loc2,.loc3,.loc1,.loc4,good,"['loc1', 'loc4']","[744, 1664]",beaver_small.jpg,suitcase_small.jpg,candyapple_small.jpg,suitcase_big.jpg,211,filler91,filler,291,unmodified,
10,condition1,lollipops_big.jpg,no_contrast,Click on the leaf,.loc1,.loc4,.loc2,.loc3,good,"['loc2', 'loc3']","[638, 1564]",crane_small.jpg,leaf_big.jpg,flute_big.jpg,leaf_small.jpg,95,train55,train,292,unmodified,
10,condition1,castanets_big.jpg,semantic_contrast,Click on the strawberry pie,.loc3,.loc2,.loc1,.loc4,good,"['loc3', 'loc4', 'loc4']","[700, 1674, 2070]",toyhorse_small.jpg,jalapeno.jpg,pie_cherry.jpg,pie_strawberry.jpg,178,filler58,filler,293,modified,
10,condition1,iguana_big.jpg,contrast_control,Click on the firealarm,.loc2,.loc1,.loc3,.loc4,good,"['loc2', 'loc4']","[678, 1480]",iguana_small.jpg,firealarm_small.jpg,leash_small.jpg,firealarm_big.jpg,233,filler113,filler,294,unmodified,
10,condition1,woodperson_big.jpg,semantic_contrast,Click on the nuts chocolatebar,.loc4,.loc2,.loc1,.loc3,good,"['loc4', 'loc3', 'loc3']","[560, 1898, 2444]",joystick_small.jpg,constructionhelmet.jpg,chocolatebar_nonuts.jpg,chocolatebar_nuts.jpg,129,filler9,filler,295,modified,
10,condition1,ostrich_big.jpg,contrast_control,Click on the sponge,.loc1,.loc4,.loc3,.loc2,good,"['loc3', 'loc2']","[646, 1766]",ostrich_small.jpg,sponge_small.jpg,shears_small.jpg,sponge_big.jpg,199,filler79,filler,296,unmodified,
10,condition1,stroller_big.jpg,contrast,Click on the small drum,.loc2,.loc1,.loc3,.loc4,good,"['loc2', 'loc4', 'loc4']","[559, 1253, 1611]",doll_small.jpg,floppydiscs_big.jpg,drum_big.jpg,drum_small.jpg,52,train12,train,297,modified,
10,condition1,hookah_big.jpg,no_contrast,Click on the small fan,.loc3,.loc2,.loc1,.loc4,good,"['loc2', 'loc4', 'loc4']","[584, 1486, 2576]",flag_small.jpg,lock_big.jpg,lock_big.jpg,fan_small.jpg,38,test38,test,298,modified,
10,condition1,babywalker_blue.jpg,semantic_control,Click on the train,.loc1,.loc4,.loc2,.loc3,good,"['loc2', 'loc3']","[1270, 2600]",babywalker_yellow.jpg,train_small.jpg,thermometer_small.jpg,train_big.jpg,265,filler145,filler,299,unmodified,
10,condition1,bobcat_big.jpg,semantic_contrast,Click on the one dollarbills,.loc1,.loc2,.loc3,.loc4,good,"['loc1', 'loc2', 'loc4']","[724, 2740, 3994]",juicer_small.jpg,daisies.jpg,dollarbills_five.jpg,dollarbills_one.jpg,130,filler10,filler,300,modified,
10,condition1,train_big.jpg,no_contrast,Click on the cherry,.loc4,.loc3,.loc1,.loc2,good,"['loc4', 'loc2']","[600, 1403]",jetski_small.jpg,cherry_big.jpg,briefcase_big.jpg,cherry_small.jpg,85,train45,train,301,unmodified,
10,condition1,scissors_big.jpg,contrast,Click on the small fish,.loc3,.loc4,.loc2,.loc1,good,"['loc2', 'loc1', 'loc1']","[956, 1781, 2107]",rollerblades_small.jpg,fish_big.jpg,fish_big.jpg,fish_small.jpg,17,test17,test,302,modified,
